date,open,high,low,close,volume
2018-03-01,12823.900390625,12842.650390625,12736.400390625,12769.4501953125,0
2018-03-05,12768.5498046875,12890.9501953125,12684.2998046875,12857.650390625,0
2018-03-06,12924.4501953125,12930.5498046875,12667.4501953125,12706.099609375,0
2018-03-07,12767.4501953125,12856.5498046875,12650.25,12677.150390625,0
2018-03-08,12757.0,12802.150390625,12645.75,12682.400390625,0
2018-03-09,12710.349609375,12805.349609375,12656.650390625,12747.25,0
2018-03-12,12825.25,13012.349609375,12813.25,12923.400390625,0
2018-03-13,12778.349609375,12842.2001953125,12663.2998046875,12734.2001953125,0
2018-03-14,12725.2001953125,12840.4501953125,12711.25,12786.9501953125,0
2018-03-15,12815.599609375,12860.0,12727.7998046875,12762.2998046875,0
2018-03-16,12776.25,12778.599609375,12606.599609375,12698.400390625,0
2018-03-19,12660.900390625,12725.349609375,12392.7001953125,12421.2998046875,0
2018-03-20,12385.0,12644.599609375,12375.400390625,12609.099609375,0
2018-03-21,12665.75,12698.349609375,12554.150390625,12608.849609375,0
2018-03-22,12607.650390625,12638.9501953125,12454.5,12489.599609375,0
2018-03-23,12292.650390625,12564.75,12281.2001953125,12541.099609375,0
2018-03-26,12536.599609375,12542.5498046875,12392.25,12462.400390625,0
2018-03-27,12539.5,12566.5,12444.7001953125,12518.2001953125,0
2018-03-28,12468.7001953125,12573.099609375,12424.5498046875,12511.5498046875,0
2018-04-02,12542.2998046875,12723.400390625,12541.349609375,12707.099609375,0
2018-04-03,12637.7998046875,12708.150390625,12557.0498046875,12615.4501953125,0
2018-04-04,12689.900390625,12689.900390625,12442.150390625,12490.849609375,0
2018-04-05,12617.4501953125,12695.7998046875,12578.9501953125,12682.5498046875,0
2018-04-06,12685.2998046875,12687.400390625,12569.25,12603.349609375,0
2018-04-09,12605.349609375,12640.2998046875,12506.400390625,12531.2001953125,0
2018-04-10,12532.25,12618.7998046875,12519.4501953125,12576.5498046875,0
2018-04-11,12629.400390625,12785.2998046875,12608.849609375,12759.099609375,0
2018-04-12,12782.0498046875,13219.5498046875,12766.650390625,13168.2001953125,0
2018-04-13,13240.650390625,13380.400390625,13085.0498046875,13260.4501953125,0
2018-04-16,12936.2998046875,13242.0498046875,12935.25,13203.099609375,0
2018-04-17,13177.099609375,13194.400390625,13094.0,13162.2998046875,0
2018-04-18,13185.2001953125,13218.4501953125,13106.2998046875,13124.0,0
2018-04-19,13192.9501953125,13295.7001953125,13157.849609375,13273.4501953125,0
2018-04-20,13379.349609375,13964.2998046875,13371.849609375,13910.349609375,0
2018-04-23,13897.650390625,14294.150390625,13836.5,14013.9501953125,0
2018-04-24,13976.7001953125,14071.5498046875,13704.849609375,13734.7998046875,0
2018-04-25,13737.5,13972.650390625,13665.7001953125,13892.400390625,0
2018-04-26,13836.9501953125,14056.150390625,13827.099609375,14026.650390625,0
2018-04-27,14015.7001953125,14070.349609375,13766.75,13794.900390625,0
2018-04-30,13818.849609375,14094.099609375,13810.5498046875,13986.25,0
2018-05-02,13985.5498046875,13985.5498046875,13723.650390625,13754.2998046875,0
2018-05-03,13759.4501953125,13759.4501953125,13430.75,13473.9501953125,0
2018-05-04,13488.75,13488.7998046875,13302.900390625,13453.2998046875,0
2018-05-07,13533.5498046875,13563.849609375,13395.849609375,13424.900390625,0
2018-05-08,13453.9501953125,13474.25,13297.2001953125,13379.650390625,0
2018-05-09,13397.849609375,13538.400390625,13390.900390625,13453.400390625,0
2018-05-10,13505.25,13566.0498046875,13403.2998046875,13427.2998046875,0
2018-05-11,13457.900390625,13519.150390625,13393.2998046875,13478.599609375,0
2018-05-14,13480.099609375,13495.5,13358.2001953125,13446.150390625,0
2018-05-15,13441.5498046875,13614.650390625,13419.7001953125,13504.9501953125,0
2018-05-16,13474.0498046875,13585.150390625,13466.599609375,13525.599609375,0
2018-05-17,13606.650390625,13625.5,13461.0498046875,13504.75,0
2018-05-18,13487.349609375,13526.9501953125,13412.849609375,13459.150390625,0
2018-05-21,13485.4501953125,13572.150390625,13434.099609375,13483.849609375,0
2018-05-22,13453.7998046875,13530.5498046875,13420.099609375,13484.5498046875,0
2018-05-23,13517.2998046875,13615.400390625,13435.5,13464.349609375,0
2018-05-24,13563.650390625,13797.9501953125,13543.650390625,13775.7001953125,0
2018-05-25,13854.099609375,13963.7001953125,13715.5,13762.349609375,0
2018-05-28,13832.9501953125,13832.9501953125,13457.599609375,13497.7001953125,0
2018-05-29,13535.4501953125,13631.2998046875,13482.0498046875,13561.0498046875,0
2018-05-30,13548.849609375,13627.0498046875,13480.5498046875,13557.7001953125,0
2018-05-31,13515.349609375,13695.2998046875,13460.7001953125,13666.0,0
2018-06-01,13694.25,13785.349609375,13528.650390625,13558.5498046875,0
2018-06-04,13592.400390625,13646.5498046875,13525.2001953125,13595.099609375,0
2018-06-05,13625.650390625,13638.75,13363.400390625,13408.900390625,0
2018-06-06,13460.599609375,13554.25,13355.2001953125,13528.7998046875,0
2018-06-07,13530.5498046875,13714.2001953125,13525.349609375,13683.75,0
2018-06-08,13677.7998046875,13841.650390625,13674.349609375,13769.7998046875,0
2018-06-11,13807.5,13869.5498046875,13755.5,13775.099609375,0
2018-06-12,13817.7001953125,13889.4501953125,13771.349609375,13859.849609375,0
2018-06-13,14001.2001953125,14074.900390625,13950.150390625,14034.150390625,0
2018-06-14,13980.5498046875,13984.75,13784.349609375,13825.400390625,0
2018-06-15,13868.5,14151.75,13841.599609375,14121.5,0
2018-06-18,14223.349609375,14223.349609375,13995.900390625,14024.2001953125,0
2018-06-19,13987.599609375,14028.7001953125,13835.7001953125,13849.4501953125,0
2018-06-20,13900.849609375,13914.9501953125,13782.150390625,13810.900390625,0
2018-06-21,13856.099609375,13882.400390625,13751.599609375,13771.7001953125,0
2018-06-22,13792.849609375,13844.0,13724.150390625,13777.099609375,0
2018-06-25,13814.0,13918.0498046875,13791.0,13865.2001953125,0
2018-06-26,13862.7001953125,13981.150390625,13848.7998046875,13943.5,0
2018-06-27,14005.650390625,14143.2998046875,13966.349609375,14018.400390625,0
2018-06-28,14070.900390625,14139.650390625,13853.099609375,13873.7998046875,0
2018-06-29,13959.150390625,14020.75,13858.7001953125,13989.5,0
2018-07-02,14024.599609375,14086.7998046875,13977.900390625,14072.2998046875,0
2018-07-03,14100.7998046875,14238.900390625,14074.849609375,14222.5498046875,0
2018-07-04,14243.7998046875,14243.9501953125,14099.25,14126.150390625,0
2018-07-05,14180.2998046875,14184.4501953125,13898.900390625,13970.5,0
2018-07-06,14008.150390625,14063.25,13925.5498046875,14015.9501953125,0
2018-07-09,14111.849609375,14141.150390625,13993.599609375,14108.849609375,0
2018-07-10,14275.099609375,14299.5,14174.599609375,14222.75,0
2018-07-11,14352.150390625,14629.5,14337.5498046875,14536.4501953125,0
2018-07-12,14611.4501953125,14627.7998046875,14437.650390625,14515.650390625,0
2018-07-13,14559.150390625,14654.5498046875,14462.9501953125,14534.900390625,0
2018-07-16,14554.25,14776.0,14443.0,14617.0498046875,0
2018-07-17,14609.5498046875,14709.599609375,14539.599609375,14618.25,0
2018-07-18,14695.650390625,14762.2998046875,14568.5498046875,14631.7001953125,0
2018-07-19,14638.099609375,14693.4501953125,14420.0,14489.849609375,0
2018-07-20,14541.349609375,14771.0498046875,14518.5,14701.400390625,0
2018-07-23,14726.7001953125,14726.7001953125,14571.599609375,14683.2001953125,0
2018-07-24,14768.849609375,14768.900390625,14620.9501953125,14663.900390625,0
2018-07-25,14697.849609375,14697.849609375,14539.25,14575.349609375,0
2018-07-26,14510.599609375,14559.5,14423.75,14468.099609375,0
2018-07-27,14476.4501953125,14553.7998046875,14450.150390625,14517.900390625,0
2018-07-30,14538.900390625,14561.0498046875,14391.150390625,14420.5498046875,0
2018-07-31,14432.599609375,14617.75,14386.7998046875,14587.7998046875,0
2018-08-01,14618.650390625,14690.599609375,14586.5498046875,14679.349609375,0
2018-08-02,14689.099609375,14739.7998046875,14541.349609375,14552.599609375,0
2018-08-03,14632.349609375,14663.599609375,14588.9501953125,14649.099609375,0
2018-08-06,14694.7001953125,14731.099609375,14572.900390625,14605.5498046875,0
2018-08-07,14660.099609375,14688.099609375,14588.5498046875,14613.75,0
2018-08-08,14650.599609375,14663.0498046875,14534.599609375,14608.2001953125,0
2018-08-09,14660.5498046875,14662.4501953125,14588.9501953125,14603.349609375,0
2018-08-10,14661.900390625,14702.150390625,14568.2998046875,14679.2998046875,0
2018-08-13,14697.7001953125,14902.400390625,14683.0,14880.25,0
2018-08-14,14927.400390625,15090.900390625,14872.9501953125,15009.25,0
2018-08-16,15021.9501953125,15122.650390625,15017.25,15044.349609375,0
2018-08-17,15059.9501953125,15143.349609375,14982.349609375,15126.400390625,0
2018-08-20,15033.650390625,15054.099609375,14946.5498046875,14996.099609375,0
2018-08-21,15072.4501953125,15183.25,15041.849609375,15134.650390625,0
2018-08-23,15195.0,15361.400390625,15185.25,15321.9501953125,0
2018-08-24,15337.900390625,15410.2001953125,15239.349609375,15260.0498046875,0
2018-08-27,15285.099609375,15539.650390625,15274.349609375,15514.9501953125,0
2018-08-28,15546.5,15641.400390625,15528.400390625,15583.0498046875,0
2018-08-29,15617.0,15621.900390625,15439.4501953125,15524.9501953125,0
2018-08-30,15519.599609375,15576.650390625,15428.099609375,15529.849609375,0
2018-08-31,15575.9501953125,15833.650390625,15567.5,15811.400390625,0
2018-09-03,16013.0498046875,16048.25,15703.0,15724.7001953125,0
2018-09-04,15799.349609375,16094.0498046875,15783.5498046875,16048.7001953125,0
2018-09-05,16088.7001953125,16124.599609375,15976.4501953125,16039.900390625,0
2018-09-06,16047.9501953125,16121.5,15932.650390625,16081.650390625,0
2018-09-07,16126.25,16130.599609375,15975.0,16104.7998046875,0
2018-09-10,16150.650390625,16229.849609375,16085.5,16105.2998046875,0
2018-09-11,16182.0,16217.75,15970.099609375,15993.2001953125,0
2018-09-12,16092.099609375,16124.5498046875,15977.849609375,16054.0498046875,0
2018-09-14,16046.400390625,16104.0498046875,15843.599609375,16072.5,0
2018-09-17,16096.400390625,16207.5,16080.75,16119.7998046875,0
2018-09-18,16152.849609375,16152.849609375,16003.2001953125,16031.0,0
2018-09-19,16092.650390625,16115.150390625,15982.0498046875,16063.9501953125,0
2018-09-21,16023.650390625,16047.2001953125,15579.9501953125,15833.5,0
2018-09-24,15862.400390625,16235.0498046875,15820.650390625,16175.2998046875,0
2018-09-25,16207.0,16360.599609375,16081.900390625,16234.900390625,0
2018-09-26,16285.75,16292.2998046875,15877.900390625,15932.4501953125,0
2018-09-27,15979.5,16094.0498046875,15943.900390625,16018.0,0
2018-09-28,15932.099609375,15972.0,15734.9501953125,15838.0498046875,0
2018-10-01,15897.099609375,16282.0498046875,15861.5,16213.599609375,0
2018-10-03,16208.75,16278.0,15874.25,15909.7998046875,0
2018-10-04,15835.2001953125,15835.2001953125,15403.900390625,15441.099609375,0
2018-10-05,15416.900390625,15710.0,15265.650390625,15591.650390625,0
2018-10-08,15538.2001953125,15644.2001953125,15198.25,15305.2001953125,0
2018-10-09,15305.150390625,15429.9501953125,15137.75,15369.7998046875,0
2018-10-10,15356.2998046875,15380.849609375,15053.2998046875,15143.2001953125,0
2018-10-11,14721.099609375,14890.650390625,14554.25,14683.0,0
2018-10-12,14701.849609375,14721.9501953125,14408.4501953125,14539.2001953125,0
2018-10-15,14639.5,14846.9501953125,14564.2998046875,14797.2001953125,0
2018-10-16,14876.0498046875,14975.5498046875,14743.900390625,14887.349609375,0
2018-10-17,15031.0498046875,15190.650390625,14903.5,14949.599609375,0
2018-10-19,14776.4501953125,14776.4501953125,14421.650390625,14476.849609375,0
2018-10-22,14527.5498046875,14527.5498046875,14299.150390625,14421.4501953125,0
2018-10-23,14318.9501953125,14406.75,13977.650390625,14014.7001953125,0
2018-10-24,14125.5,14183.5498046875,13826.2998046875,14049.150390625,0
2018-10-25,13894.7998046875,14179.7001953125,13863.900390625,14070.7998046875,0
2018-10-26,14057.0498046875,14070.0498046875,13769.849609375,13798.599609375,0
2018-10-29,13837.650390625,14188.0,13696.5,14132.650390625,0
2018-10-30,14088.25,14437.599609375,14028.7998046875,14355.849609375,0
2018-10-31,14428.7001953125,14994.849609375,14376.75,14940.099609375,0
2018-11-01,14991.599609375,14991.599609375,14541.2001953125,14622.0,0
2018-11-02,14639.0498046875,14780.099609375,14356.099609375,14396.7001953125,0
2018-11-05,14377.5,14534.0498046875,14345.25,14471.75,0
2018-11-06,14499.7998046875,14660.150390625,14468.25,14577.2998046875,0
2018-11-07,14654.25,14698.9501953125,14645.0498046875,14674.4501953125,0
2018-11-09,14793.75,14796.900390625,14483.349609375,14553.25,0
2018-11-12,14604.9501953125,14821.5498046875,14565.0498046875,14650.5,0
2018-11-13,14637.25,14780.0,14561.5498046875,14698.2001953125,0
2018-11-14,14662.2998046875,14662.7998046875,14236.7001953125,14338.5,0
2018-11-15,14315.4501953125,14573.099609375,14264.599609375,14354.150390625,0
2018-11-16,14426.7001953125,14504.5,14356.650390625,14473.150390625,0
2018-11-19,14544.7998046875,14618.25,14433.2001953125,14599.7998046875,0
2018-11-20,14575.25,14575.25,14262.2998046875,14285.099609375,0
2018-11-21,14244.75,14245.0498046875,13827.150390625,13879.150390625,0
2018-11-22,13955.0,14109.4501953125,13819.7001953125,13835.7001953125,0
2018-11-26,13836.9501953125,14083.7001953125,13581.349609375,14025.400390625,0
2018-11-27,14057.900390625,14265.25,14000.400390625,14225.349609375,0
2018-11-28,14266.75,14658.900390625,14250.900390625,14632.900390625,0
2018-11-29,14726.75,14732.650390625,14433.0498046875,14465.2998046875,0
2018-11-30,14494.7001953125,14710.7998046875,14494.599609375,14638.0498046875,0
2018-12-03,14728.4501953125,14790.7998046875,14630.75,14740.400390625,0
2018-12-04,14757.4501953125,15015.099609375,14728.2001953125,14999.900390625,0
2018-12-05,14932.4501953125,15062.400390625,14788.75,15012.9501953125,0
2018-12-06,14936.599609375,15064.25,14664.2998046875,14693.75,0
2018-12-07,14686.7998046875,14700.0498046875,14461.9501953125,14662.900390625,0
2018-12-10,14486.0,14723.7001953125,14369.5,14419.2001953125,0
2018-12-11,14385.349609375,14684.4501953125,14307.2998046875,14579.599609375,0
2018-12-12,14640.150390625,14756.5,14521.2001953125,14738.5498046875,0
2018-12-13,14782.349609375,14908.900390625,14652.0,14841.0,0
2018-12-14,14810.400390625,14913.7998046875,14741.7001953125,14851.400390625,0
2018-12-17,14931.0498046875,14931.0498046875,14801.150390625,14873.0498046875,0
2018-12-18,14776.4501953125,14809.5498046875,14662.099609375,14730.900390625,0
2018-12-19,14686.0498046875,14698.900390625,14463.75,14591.7998046875,0
2018-12-20,14468.400390625,14621.7998046875,14461.2998046875,14542.150390625,0
2018-12-21,14493.75,14505.5,14171.9501953125,14207.849609375,0
2018-12-24,14296.7998046875,14371.75,14197.099609375,14247.75,0
2018-12-26,14229.2001953125,14229.2001953125,14018.400390625,14158.900390625,0
2018-12-27,14300.9501953125,14460.7001953125,14273.849609375,14354.5,0
2018-12-28,14409.599609375,14451.7001953125,14368.7001953125,14385.7998046875,0
2018-12-31,14458.5,14481.400390625,14394.5498046875,14440.2998046875,0
2019-01-02,14467.400390625,14593.849609375,14371.0,14447.099609375,0
2019-01-03,14479.75,14542.2998046875,14276.5,14322.150390625,0
2019-01-04,14332.650390625,14359.2001953125,13958.849609375,14146.150390625,0
2019-01-07,14238.0498046875,14316.0,14204.650390625,14291.5,0
2019-01-08,14344.599609375,14357.75,14238.2001953125,14285.7001953125,0
2019-01-09,14417.2001953125,14495.7001953125,14162.2001953125,14326.099609375,0
2019-01-10,14388.849609375,14393.4501953125,14272.25,14323.25,0
2019-01-11,14288.9501953125,14326.900390625,14134.25,14307.099609375,0
2019-01-14,14474.5,14495.7001953125,14196.0,14223.599609375,0
2019-01-15,14265.7001953125,14685.5,14262.400390625,14658.5,0
2019-01-16,14688.849609375,14732.75,14610.099609375,14707.7998046875,0
2019-01-17,14714.25,14813.900390625,14660.0498046875,14800.25,0
2019-01-18,14744.0498046875,14923.75,14709.4501953125,14893.0,0
2019-01-21,14920.349609375,15100.2001953125,14850.0,14966.400390625,0
2019-01-22,14927.150390625,15019.599609375,14814.9501953125,14962.599609375,0
2019-01-23,14975.2001953125,15003.849609375,14856.849609375,14888.75,0
2019-01-24,14897.4501953125,15003.5498046875,14793.25,14971.900390625,0
2019-01-25,14952.75,15161.2001953125,14927.25,15039.2998046875,0
2019-01-28,15085.0498046875,15161.7001953125,15026.75,15120.150390625,0
2019-01-29,15126.150390625,15293.0,14986.7001953125,15231.2998046875,0
2019-01-30,15304.0,15381.4501953125,15192.400390625,15255.2001953125,0
2019-01-31,15299.4501953125,15513.4501953125,15276.0498046875,15499.2998046875,0
2019-02-01,15522.5498046875,15751.75,15485.7001953125,15724.2998046875,0
2019-02-04,15727.2001953125,15819.7001953125,15635.900390625,15754.7998046875,0
2019-02-05,15709.0,15812.150390625,15634.9501953125,15738.7001953125,0
2019-02-06,15857.7001953125,16090.7001953125,15835.7001953125,16055.599609375,0
2019-02-07,16045.5498046875,16167.849609375,16031.150390625,16085.849609375,0
2019-02-08,16001.150390625,16145.7001953125,15979.7998046875,16019.7998046875,0
2019-02-11,16050.2001953125,16159.0498046875,16002.5,16099.0498046875,0
2019-02-12,16093.4501953125,16094.599609375,15788.099609375,15938.650390625,0
2019-02-14,15992.4501953125,16002.2001953125,15828.849609375,15861.650390625,0
2019-02-15,15898.400390625,15912.4501953125,15620.4501953125,15815.599609375,0
2019-02-18,15895.5,15948.099609375,15618.0498046875,15659.0,0
2019-02-19,15644.0498046875,15651.900390625,15287.5,15333.5,0
2019-02-20,15382.4501953125,15651.7001953125,15330.7998046875,15609.4501953125,0
2019-02-21,15609.150390625,15691.400390625,15492.2001953125,15588.900390625,0
2019-02-22,15582.7998046875,15717.2998046875,15543.5,15684.7001953125,0
2019-02-25,15738.9501953125,16029.9501953125,15729.25,16003.7001953125,0
2019-02-26,15933.7998046875,16069.400390625,15874.9501953125,15989.599609375,0
2019-02-27,15983.7998046875,16007.650390625,15803.7001953125,15902.099609375,0
2019-02-28,15974.099609375,15974.099609375,15694.849609375,15732.0,0
2019-03-01,15778.150390625,15871.099609375,15752.2001953125,15848.2998046875,0
2019-03-05,15839.2001953125,15839.2001953125,15634.5498046875,15664.099609375,0
2019-03-06,15732.349609375,15814.7001953125,15681.099609375,15735.0498046875,0
2019-03-07,15788.150390625,15788.150390625,15558.9501953125,15582.099609375,0
2019-03-08,15544.349609375,15545.650390625,15388.2001953125,15408.7001953125,0
2019-03-11,15432.900390625,15500.75,15349.599609375,15388.5,0
2019-03-12,15408.849609375,15497.2001953125,15349.7998046875,15384.5498046875,0
2019-03-13,15442.25,15550.849609375,15300.25,15342.900390625,0
2019-03-14,15422.599609375,15437.0498046875,15202.0498046875,15260.4501953125,0
2019-03-15,15346.0,15649.25,15324.849609375,15546.599609375,0
2019-03-18,15614.7998046875,15661.2998046875,15304.75,15359.4501953125,0
2019-03-19,15432.5,15545.4501953125,15296.0,15495.5498046875,0
2019-03-20,15563.9501953125,15735.25,15554.4501953125,15599.25,0
2019-03-22,15652.2998046875,15652.2998046875,15462.2001953125,15551.099609375,0
2019-03-25,15579.0498046875,15579.0498046875,15388.400390625,15416.849609375,0
2019-03-26,15415.5,15426.25,15218.25,15356.599609375,0
2019-03-27,15352.599609375,15421.849609375,15307.099609375,15339.400390625,0
2019-03-28,15410.349609375,15636.5,15399.4501953125,15566.75,0
2019-04-01,15668.7998046875,15922.0498046875,15662.5498046875,15840.650390625,0
2019-04-02,15902.900390625,16013.25,15874.650390625,15988.400390625,0
2019-04-03,15996.5,16009.849609375,15862.5,15962.9501953125,0
2019-04-04,15947.7998046875,15954.150390625,15691.0,15744.7998046875,0
2019-04-05,15800.4501953125,15952.5,15759.7998046875,15923.0498046875,0
2019-04-08,15982.849609375,16061.2998046875,15857.150390625,16028.25,0
2019-04-09,16048.25,16203.25,15999.650390625,16121.599609375,0
2019-04-10,16138.849609375,16172.7998046875,15978.2001953125,15999.150390625,0
2019-04-11,16018.0,16030.849609375,15852.2998046875,15874.75,0
2019-04-12,15918.099609375,15989.7001953125,15832.0,15911.099609375,0
2019-04-15,15917.7001953125,16136.599609375,15862.0,16113.7001953125,0
2019-04-16,16166.150390625,16176.599609375,16064.349609375,16084.900390625,0
2019-04-18,16177.849609375,16177.849609375,16021.0,16079.2998046875,0
2019-04-22,16077.5498046875,16204.2998046875,16057.900390625,16150.599609375,0
2019-04-23,16179.4501953125,16193.599609375,16082.4501953125,16166.2998046875,0
2019-04-24,16182.900390625,16405.80078125,16161.349609375,16370.349609375,0
2019-04-25,16361.0,16388.55078125,16299.2001953125,16352.7998046875,0
2019-04-26,16393.80078125,16523.75,16381.4501953125,16504.44921875,0
2019-04-30,16510.94921875,16720.400390625,16502.44921875,16705.400390625,0
2019-05-02,16656.900390625,16673.599609375,16387.30078125,16403.69921875,0
2019-05-03,16259.5,16265.2998046875,16065.4501953125,16092.9501953125,0
2019-05-06,15949.2998046875,16146.400390625,15925.400390625,16111.349609375,0
2019-05-07,16145.650390625,16225.849609375,16100.650390625,16135.75,0
2019-05-08,16106.0498046875,16129.400390625,15998.599609375,16061.599609375,0
2019-05-09,16031.599609375,16164.900390625,16002.4501953125,16132.849609375,0
2019-05-10,16117.599609375,16146.349609375,15911.9501953125,15949.599609375,0
2019-05-13,15949.0,16095.7001953125,15915.150390625,15955.2998046875,0
2019-05-14,15942.9501953125,15966.650390625,15642.9501953125,15762.75,0
2019-05-15,15793.349609375,15896.2998046875,15743.7001953125,15776.7998046875,0
2019-05-16,15816.650390625,15994.25,15779.75,15934.0,0
2019-05-17,15962.400390625,16000.349609375,15803.2001953125,15843.400390625,0
2019-05-20,15933.2998046875,16009.650390625,15642.7001953125,15968.2001953125,0
2019-05-21,15982.2998046875,15989.0498046875,15737.150390625,15766.9501953125,0
2019-05-22,15750.0498046875,15812.25,15640.599609375,15666.150390625,0
2019-05-23,15772.0498046875,15819.0498046875,15506.2001953125,15538.849609375,0
2019-05-24,15622.25,15626.349609375,15461.849609375,15569.849609375,0
2019-05-27,15587.400390625,15629.599609375,15526.400390625,15556.650390625,0
2019-05-28,15614.099609375,15806.2001953125,15554.900390625,15762.0498046875,0
2019-05-29,15773.2998046875,15973.0,15754.349609375,15865.599609375,0
2019-05-30,15908.9501953125,16034.75,15879.2001953125,15997.349609375,0
2019-05-31,16070.599609375,16197.349609375,16042.599609375,16160.650390625,0
2019-06-03,16159.5,16391.0,16082.7998046875,16360.5498046875,0
2019-06-04,16276.7998046875,16285.849609375,16072.900390625,16105.2001953125,0
2019-06-06,16155.7998046875,16159.75,15991.400390625,16012.099609375,0
2019-06-07,16042.2998046875,16155.0498046875,15972.75,16109.849609375,0
2019-06-10,16176.849609375,16381.650390625,16152.2001953125,16362.400390625,0
2019-06-11,16406.25,16488.650390625,16380.5,16448.099609375,0
2019-06-12,16441.75,16446.94921875,16283.650390625,16425.94921875,0
2019-06-13,16340.0498046875,16421.80078125,16282.650390625,16316.599609375,0
2019-06-14,16326.7001953125,16336.099609375,16239.2001953125,16268.2001953125,0
2019-06-17,16285.0,16313.5498046875,16190.900390625,16228.2001953125,0
2019-06-18,16215.7001953125,16352.400390625,16212.2998046875,16322.5,0
2019-06-19,16358.75,16391.5,16215.9501953125,16282.7001953125,0
2019-06-20,16039.0,16338.75,15994.9501953125,16316.9501953125,0
2019-06-21,16343.349609375,16358.9501953125,16154.849609375,16189.400390625,0
2019-06-24,16202.400390625,16231.599609375,16142.400390625,16187.400390625,0
2019-06-25,16158.7998046875,16252.9501953125,16050.599609375,16214.4501953125,0
2019-06-26,16152.7001953125,16255.2001953125,16079.2001953125,16101.75,0
2019-06-27,16096.2001953125,16129.400390625,15946.650390625,15991.7998046875,0
2019-06-28,16069.900390625,16085.400390625,15904.7998046875,15936.4501953125,0
2019-07-01,15982.7001953125,16023.400390625,15893.9501953125,15916.7001953125,0
2019-07-02,15952.900390625,16096.9501953125,15886.4501953125,16074.099609375,0
2019-07-03,16091.099609375,16095.4501953125,15906.75,15927.650390625,0
2019-07-05,15960.849609375,15979.4501953125,15520.0,15550.0498046875,0
2019-07-08,15410.849609375,15478.0498046875,15318.0498046875,15376.0,0
2019-07-09,15381.349609375,15432.150390625,15123.7001953125,15254.5,0
2019-07-10,15077.0,15319.900390625,15052.7001953125,15168.599609375,0
2019-07-11,15256.5498046875,15256.5498046875,15061.349609375,15214.2998046875,0
2019-07-12,15227.599609375,15290.599609375,15186.099609375,15227.400390625,0
2019-07-15,15516.25,15694.0498046875,15406.599609375,15662.0498046875,0
2019-07-16,15608.75,15627.2001953125,15532.2998046875,15580.4501953125,0
2019-07-17,15602.7001953125,15707.9501953125,15510.5,15676.0,0
2019-07-18,15554.900390625,15635.0498046875,15457.0,15498.5,0
2019-07-19,15520.7001953125,15611.099609375,15364.5,15383.650390625,0
2019-07-22,15387.4501953125,15493.9501953125,15336.2998046875,15448.25,0
2019-07-23,15497.5498046875,15645.0498046875,15468.9501953125,15493.400390625,0
2019-07-24,15465.7998046875,15531.400390625,15332.849609375,15380.75,0
2019-07-25,15383.150390625,15510.599609375,15343.0498046875,15474.650390625,0
2019-07-26,15442.5,15460.900390625,15266.0498046875,15348.0498046875,0
2019-07-29,15365.099609375,15527.4501953125,15297.0,15400.849609375,0
2019-07-30,15409.4501953125,15527.349609375,15362.0498046875,15501.650390625,0
2019-07-31,15437.599609375,15648.75,15305.4501953125,15620.2001953125,0
2019-08-01,15576.9501953125,15593.5498046875,15277.75,15332.099609375,0
2019-08-02,15277.650390625,15461.0498046875,15209.2998046875,15422.099609375,0
2019-08-05,15349.7001953125,15544.900390625,15312.5498046875,15518.5498046875,0
2019-08-06,15479.2001953125,15636.2001953125,15435.7001953125,15514.7998046875,0
2019-08-07,15591.150390625,15730.7001953125,15522.849609375,15583.349609375,0
2019-08-08,15677.4501953125,15918.4501953125,15654.650390625,15867.9501953125,0
2019-08-09,15898.0,15945.099609375,15797.849609375,15821.349609375,0
2019-08-13,15809.25,15822.400390625,15379.599609375,15424.400390625,0
2019-08-14,15467.349609375,15518.349609375,15299.2998046875,15466.25,0
2019-08-16,15547.400390625,15552.7001953125,15238.5498046875,15365.349609375,0
2019-08-19,15420.0498046875,15514.900390625,15396.0,15415.150390625,0
2019-08-20,15648.650390625,15648.650390625,15575.7998046875,15597.75,0
2019-08-21,15598.5,15680.0498046875,15562.0,15578.150390625,0
2019-08-22,15581.5,15703.150390625,15478.7998046875,15632.0,0
2019-08-23,15647.650390625,15872.849609375,15639.400390625,15816.599609375,0
2019-08-26,15825.25,15922.5498046875,15628.099609375,15890.2001953125,0
2019-08-27,15817.2998046875,15833.5498046875,15631.5,15675.2998046875,0
2019-08-28,15704.099609375,15898.0,15703.099609375,15879.900390625,0
2019-08-29,15774.650390625,15943.2998046875,15754.900390625,15884.5498046875,0
2019-08-30,15893.900390625,16039.25,15734.2001953125,16010.400390625,0
2019-09-03,16027.099609375,16189.4501953125,15935.900390625,15984.900390625,0
2019-09-04,15985.75,16090.849609375,15944.400390625,16032.5,0
2019-09-05,16109.2001953125,16142.650390625,15972.2001953125,16030.9501953125,0
2019-09-06,16139.900390625,16218.7998046875,15991.0498046875,16034.5498046875,0
2019-09-09,16023.9501953125,16030.4501953125,15883.599609375,15919.400390625,0
2019-09-11,15901.150390625,15955.2001953125,15669.2998046875,15701.7998046875,0
2019-09-12,15674.2998046875,15725.75,15525.150390625,15583.25,0
2019-09-13,15608.099609375,15739.7001953125,15586.7001953125,15722.900390625,0
2019-09-16,15774.4501953125,15854.150390625,15602.599609375,15743.150390625,0
2019-09-17,15769.849609375,15769.849609375,15563.599609375,15625.650390625,0
2019-09-18,15649.0498046875,15731.0498046875,15584.099609375,15702.2998046875,0
2019-09-19,15667.0,15675.150390625,15469.099609375,15522.4501953125,0
2019-09-20,15541.5498046875,15742.5498046875,15434.150390625,15491.099609375,0
2019-09-23,15611.7998046875,15611.7998046875,14735.5498046875,15040.650390625,0
2019-09-24,15055.0498046875,15380.349609375,15055.0498046875,15338.650390625,0
2019-09-25,15351.849609375,15471.0,15268.900390625,15379.900390625,0
2019-09-26,15374.5,15456.849609375,15208.400390625,15312.900390625,0
2019-09-27,15297.7001953125,15412.900390625,15214.2001953125,15236.400390625,0
2019-09-30,15277.150390625,15568.4501953125,15259.7998046875,15540.150390625,0
2019-10-01,15559.650390625,15561.5,15240.9501953125,15300.25,20800
2019-10-03,15318.7998046875,15417.25,15228.900390625,15277.9501953125,0
2019-10-04,15328.400390625,15418.7998046875,15285.150390625,15340.2998046875,0
2019-10-07,15368.150390625,15472.349609375,15226.7001953125,15246.75,0
2019-10-09,15305.099609375,15317.150390625,15051.349609375,15128.75,0
2019-10-10,15124.849609375,15235.599609375,15034.599609375,15093.7998046875,0
2019-10-11,14871.4501953125,15388.9501953125,14865.099609375,15321.900390625,0
2019-10-14,15202.2001953125,15338.599609375,15147.7001953125,15277.75,0
2019-10-15,15254.400390625,15281.4501953125,15191.0498046875,15208.400390625,0
2019-10-16,15223.5,15373.349609375,15213.2001953125,15344.9501953125,0
2019-10-17,15257.9501953125,15313.900390625,15160.2001953125,15281.900390625,0
2019-10-18,15271.9501953125,15434.5498046875,15241.0,15410.099609375,0
2019-10-22,15033.2998046875,15085.4501953125,14659.4501953125,14688.650390625,0
2019-10-23,14640.849609375,14911.2001953125,14566.5498046875,14833.349609375,0
2019-10-24,14956.650390625,14970.349609375,14756.5498046875,14781.5,0
2019-10-25,14883.400390625,14943.75,14720.849609375,14898.849609375,0
2019-10-29,14980.150390625,15199.900390625,14970.5,15181.400390625,0
2019-10-30,15343.7001953125,15419.650390625,15212.75,15395.650390625,0
2019-10-31,15436.2998046875,15657.75,15417.0,15559.400390625,0
2019-11-01,15575.349609375,15636.2998046875,15411.7998046875,15471.2001953125,0
2019-11-04,15474.0,15803.349609375,15428.5,15591.2998046875,0
2019-11-05,15613.099609375,15613.099609375,15422.7998046875,15533.4501953125,0
2019-11-06,15554.0498046875,15647.0498046875,15440.400390625,15561.2998046875,0
2019-11-07,15635.5,15639.7001953125,15532.150390625,15624.400390625,24300
2019-11-08,15646.400390625,15658.150390625,15355.7001953125,15383.2998046875,0
2019-11-11,15343.25,15354.0498046875,15228.7998046875,15308.5498046875,0
2019-11-13,15307.900390625,15374.0498046875,15192.2998046875,15240.9501953125,0
2019-11-14,15292.900390625,15410.2998046875,15217.2998046875,15388.75,0
2019-11-15,15425.0498046875,15471.150390625,15287.099609375,15310.650390625,0
2019-11-18,15326.7998046875,15373.849609375,15251.0,15295.25,0
2019-11-19,15318.650390625,15371.7998046875,15256.849609375,15304.849609375,0
2019-11-20,15349.0498046875,15349.0498046875,15235.0,15318.5,0
2019-11-21,15353.7001953125,15435.400390625,15279.400390625,15293.9501953125,0
2019-11-22,15216.5498046875,15220.0498046875,14931.349609375,14995.900390625,0
2019-11-25,15002.2001953125,15112.900390625,14950.9501953125,15100.599609375,0
2019-11-26,15174.650390625,15212.650390625,14867.4501953125,14922.150390625,0
2019-11-27,14957.5,15049.0,14946.5498046875,15022.150390625,0
2019-11-28,15069.150390625,15136.2001953125,15042.650390625,15121.7998046875,14700
2019-11-29,15132.9501953125,15147.25,14964.25,14998.0498046875,0
2019-12-02,15056.849609375,15070.650390625,14819.400390625,14852.0,0
2019-12-03,14870.900390625,14956.4501953125,14808.400390625,14920.75,0
2019-12-04,14918.5,15188.5498046875,14896.599609375,15175.150390625,27200
2019-12-05,15164.150390625,15385.4501953125,15101.7998046875,15367.5,28800
2019-12-06,15383.4501953125,15390.0498046875,15269.25,15289.599609375,16900
2019-12-09,15309.7001953125,15322.5498046875,15136.25,15157.150390625,18200
2019-12-10,15120.0498046875,15123.349609375,14903.25,14946.5498046875,20100
2019-12-11,14972.0,15147.349609375,14963.650390625,15130.2998046875,23000
2019-12-12,15151.099609375,15184.150390625,14890.599609375,14972.650390625,27100
2019-12-13,14987.900390625,15221.4501953125,14965.150390625,15200.5498046875,30100
2019-12-16,15263.75,15446.25,15223.099609375,15348.75,28600
2019-12-17,15417.5498046875,15670.349609375,15387.2001953125,15637.150390625,35700
2019-12-18,15680.5,15835.7998046875,15649.150390625,15710.650390625,46700
2019-12-19,15741.2001953125,15835.5,15654.7001953125,15812.9501953125,25100
2019-12-20,15811.9501953125,15890.9501953125,15781.25,15844.5498046875,30000
2019-12-23,15811.400390625,15936.0,15809.0498046875,15865.5,15900
2019-12-24,15877.400390625,15880.150390625,15739.4501953125,15778.2001953125,16000
2019-12-26,15784.4501953125,15806.849609375,15690.9501953125,15706.4501953125,17800
2019-12-27,15740.400390625,15824.150390625,15657.5,15780.7001953125,16700
2019-12-30,15801.5,15868.9501953125,15715.099609375,15775.0,0
2019-12-31,15754.0498046875,15775.25,15634.5,15652.400390625,19600
2020-01-02,15754.900390625,15762.099609375,15679.650390625,15709.650390625,15200
2020-01-03,15727.599609375,16004.4501953125,15722.650390625,15936.599609375,26000
2020-01-06,15934.599609375,16067.650390625,15831.849609375,15879.7998046875,24000
2020-01-07,15893.349609375,15988.7001953125,15799.7998046875,15895.2001953125,24200
2020-01-08,15840.900390625,15974.849609375,15816.7998046875,15953.4501953125,27400
2020-01-09,15970.650390625,16017.25,15857.25,15925.150390625,27900
2020-01-10,16040.650390625,16059.349609375,15930.650390625,15959.900390625,20200
2020-01-13,16135.5,16275.2001953125,16075.75,16225.900390625,61100
2020-01-14,16238.150390625,16385.94921875,16226.900390625,16362.349609375,34500
2020-01-15,16354.2001953125,16366.75,16217.099609375,16346.849609375,35200
2020-01-16,16372.150390625,16423.849609375,16277.25,16381.650390625,26200
2020-01-17,16396.5,16447.349609375,16310.75,16356.599609375,20000
2020-01-20,16389.599609375,16465.05078125,16162.5,16207.150390625,27100
2020-01-21,16190.7998046875,16221.5,16133.599609375,16175.2001953125,17500
2020-01-22,16245.9501953125,16404.599609375,16211.7998046875,16334.5498046875,26800
2020-01-23,16380.599609375,16501.19921875,16367.75,16474.400390625,30000
2020-01-24,16410.5,16498.75,16356.9501953125,16472.75,21200
2020-01-27,16456.19921875,16483.900390625,16385.650390625,16393.55078125,13600
2020-01-28,16442.849609375,16448.05078125,16320.599609375,16429.75,19700
2020-01-29,16513.19921875,16577.94921875,16452.0,16479.30078125,22200
2020-01-30,16509.0,16514.099609375,16287.75,16327.900390625,18900
2020-01-31,16333.150390625,16365.7998046875,16098.4501953125,16144.150390625,26300
2020-02-03,16282.0,16418.900390625,16034.2998046875,16059.900390625,29000
2020-02-04,16174.7998046875,16377.4501953125,16155.7998046875,16350.849609375,25200
2020-02-05,16354.4501953125,16463.599609375,16283.25,16448.55078125,21900
2020-02-06,16480.75,16621.349609375,16330.650390625,16371.150390625,24000
2020-02-07,16453.0,16493.25,16382.400390625,16470.150390625,15700
2020-02-10,16481.5,16522.400390625,16306.25,16431.94921875,18000
2020-02-11,16482.400390625,16512.099609375,16409.150390625,16452.30078125,17000
2020-02-12,16462.25,16599.05078125,16419.44921875,16538.099609375,18600
2020-02-13,16578.75,16696.849609375,16513.75,16673.05078125,18900
2020-02-14,16682.30078125,16828.19921875,16624.25,16642.75,19600
2020-02-17,16707.650390625,16737.650390625,16596.19921875,16647.69921875,0
2020-02-18,16586.900390625,16773.19921875,16526.400390625,16748.75,20800
2020-02-19,16796.400390625,16882.44921875,16754.25,16772.5,16900
2020-02-20,16826.30078125,16843.650390625,16623.900390625,16649.400390625,20300
2020-02-24,16642.75,16749.25,16416.849609375,16461.80078125,23400
2020-02-25,16490.400390625,16642.400390625,16443.25,16562.5,25300
2020-02-26,16497.150390625,16539.25,16297.25,16332.25,26800
2020-02-27,16244.9501953125,16258.650390625,16053.7001953125,16123.7998046875,24500
2020-02-28,15726.150390625,15788.4501953125,15156.7998046875,15212.9501953125,42900
2020-03-02,15355.0498046875,15722.0,15298.0,15427.650390625,36500
2020-03-03,15615.0498046875,15793.099609375,15495.7001953125,15723.2001953125,29600
2020-03-04,15824.900390625,15919.9501953125,15612.75,15864.2998046875,32100
2020-03-05,15912.0498046875,16150.599609375,15841.099609375,15871.349609375,26900
2020-03-06,15607.349609375,15699.9501953125,15443.0,15663.5,26000
2020-03-09,15333.5498046875,15371.0,14705.400390625,14854.900390625,36800
2020-03-11,14524.150390625,14823.7998046875,14356.099609375,14681.400390625,43300
2020-03-12,14177.400390625,14231.9501953125,13317.650390625,13384.849609375,42900
2020-03-13,12561.9501953125,13835.349609375,11624.849609375,13539.099609375,47400
2020-03-16,12963.7001953125,13078.650390625,12355.150390625,12451.349609375,49500
2020-03-17,12517.5,12677.2001953125,11999.5498046875,12099.25,44100
2020-03-18,12287.7998046875,12451.099609375,11643.900390625,11753.0,45500
2020-03-19,11183.9501953125,11698.2998046875,10991.25,11340.0,52500
2020-03-20,11382.400390625,12710.5498046875,11363.5,12363.4501953125,66400
2020-03-23,11328.25,11602.4501953125,11108.650390625,11179.599609375,44700
2020-03-24,11159.75,12053.7998046875,11159.2998046875,11865.0498046875,51300
2020-03-25,11856.900390625,12514.25,11657.25,12233.349609375,47600
2020-03-26,12496.9501953125,12751.5498046875,12306.349609375,12535.599609375,47100
2020-03-27,12778.150390625,12949.599609375,12403.849609375,12569.099609375,43300
2020-03-30,12152.9501953125,12774.599609375,12152.9501953125,12318.7998046875,40800
2020-03-31,12681.75,12930.7998046875,12466.599609375,12763.650390625,38800
2020-04-01,12680.5,12690.599609375,11989.599609375,12045.849609375,40900
2020-04-03,12129.849609375,12146.9501953125,11621.2001953125,11680.0498046875,40600
2020-04-07,12147.0,12647.400390625,12132.2998046875,12588.9501953125,39400
2020-04-08,12468.599609375,12897.5,12437.75,12491.5498046875,40400
2020-04-09,12810.7998046875,12867.349609375,12648.7998046875,12728.5498046875,36100
2020-04-13,12698.849609375,12795.7001953125,12527.150390625,12603.099609375,28500
2020-04-15,12792.4501953125,12951.400390625,12661.0,12702.599609375,47900
2020-04-16,12430.2998046875,12605.400390625,12205.900390625,12463.599609375,69400
2020-04-17,12878.349609375,12992.0498046875,12596.650390625,12649.25,46500
2020-04-20,12812.599609375,12937.9501953125,12742.5498046875,12847.650390625,39200
2020-04-21,12513.650390625,12632.5,12375.7998046875,12408.849609375,37300
2020-04-22,12393.900390625,12619.4501953125,12322.9501953125,12571.2998046875,27600
2020-04-23,12639.7998046875,13199.75,12596.599609375,13128.2001953125,39800
2020-04-24,13001.900390625,13101.400390625,12792.900390625,12816.2001953125,32500
2020-04-27,12957.349609375,13248.9501953125,12928.0498046875,13121.150390625,40200
2020-04-28,13301.9501953125,13317.2001953125,13067.75,13133.650390625,38800
2020-04-29,13250.599609375,13470.7998046875,13144.7998046875,13424.9501953125,37600
2020-04-30,13841.599609375,14212.099609375,13750.25,14108.400390625,61200
2020-05-04,13646.099609375,13700.25,13424.349609375,13454.25,48700
2020-05-05,13637.7998046875,13667.849609375,13351.4501953125,13388.0498046875,35400
2020-05-06,13437.2998046875,13580.0498046875,13262.25,13394.7001953125,39800
2020-05-07,13408.0,13489.5498046875,13268.400390625,13292.7001953125,48600
2020-05-08,13509.4501953125,13530.849609375,13324.0,13403.599609375,0
2020-05-11,13521.599609375,13763.7998046875,13489.25,13593.5498046875,29800
2020-05-12,13537.150390625,13733.5,13480.75,13687.75,32000
2020-05-13,13960.349609375,13960.349609375,13612.7998046875,13776.9501953125,26700
2020-05-14,13396.0498046875,13483.7001953125,13246.7998046875,13293.75,40100
2020-05-15,13375.4501953125,13375.7998046875,13108.400390625,13196.349609375,30500
2020-05-18,13278.25,13408.7998046875,13109.9501953125,13314.400390625,35400
2020-05-19,13272.349609375,13524.2001953125,13197.599609375,13446.599609375,28300
2020-05-20,13443.5,13556.900390625,13362.5498046875,13517.400390625,27900
2020-05-21,13495.400390625,13732.0,13468.5,13647.900390625,28500
2020-05-22,13622.25,13902.7998046875,13571.650390625,13842.650390625,37800
2020-05-26,13860.849609375,13930.849609375,13522.9501953125,13574.9501953125,28700
2020-05-27,13667.150390625,14017.0498046875,13488.099609375,13952.900390625,40500
2020-05-28,13964.900390625,14068.2998046875,13759.150390625,14028.599609375,41100
2020-05-29,13893.400390625,14080.5498046875,13762.9501953125,14010.5,86600
2020-06-01,14155.650390625,14431.349609375,14140.849609375,14307.099609375,45100
2020-06-02,14358.0,14492.2998046875,14269.7001953125,14422.400390625,34100
2020-06-03,14507.25,14549.0,14317.2001953125,14361.7001953125,40000
2020-06-04,14380.849609375,14695.099609375,14380.849609375,14627.4501953125,44600
2020-06-05,14715.900390625,14732.849609375,14599.75,14627.4501953125,38700
2020-06-08,14824.75,14990.25,14713.4501953125,14894.599609375,48700
2020-06-09,14869.400390625,14983.2001953125,14712.2998046875,14737.849609375,39000
2020-06-10,14774.7998046875,14882.599609375,14690.900390625,14842.0498046875,39400
2020-06-11,14823.9501953125,14840.650390625,14585.4501953125,14619.4501953125,34700
2020-06-12,14125.7998046875,14442.650390625,14123.5498046875,14402.75,35500
2020-06-15,14444.25,14571.9501953125,14238.0498046875,14396.7001953125,0
2020-06-16,14634.0,14667.400390625,14375.5,14450.7998046875,0
2020-06-17,14418.7998046875,14559.5498046875,14382.9501953125,14478.4501953125,0
2020-06-18,14478.650390625,14623.9501953125,14443.0,14551.25,0
2020-06-19,14532.7001953125,14625.7998046875,14422.4501953125,14499.7998046875,0
2020-06-22,14537.7998046875,14550.349609375,14432.4501953125,14463.7001953125,27900
2020-06-23,14398.4501953125,14725.400390625,14320.7001953125,14680.400390625,45700
2020-06-24,14675.7001953125,14761.2001953125,14547.2001953125,14581.4501953125,36300
2020-06-25,14486.400390625,14590.5,14383.599609375,14411.2001953125,36300
2020-06-26,14496.7001953125,15086.0,14476.4501953125,14994.650390625,77800
2020-06-29,14874.2001953125,14979.2001953125,14737.4501953125,14768.0,28100
2020-06-30,14812.7001953125,14854.400390625,14692.4501953125,14754.2998046875,25900
2020-07-01,14767.349609375,14842.849609375,14704.5,14732.150390625,19800
2020-07-02,14803.5,15195.2001953125,14782.4501953125,15122.5498046875,41200
2020-07-03,15164.25,15336.849609375,15148.5,15285.900390625,27200
2020-07-06,15351.7001953125,15580.5,15351.7001953125,15464.9501953125,31900
2020-07-07,15528.0498046875,15806.849609375,15440.099609375,15784.9501953125,51600
2020-07-08,15765.0,15765.0498046875,15473.5,15513.650390625,28400
2020-07-09,15572.349609375,15663.4501953125,15468.400390625,15535.9501953125,26600
2020-07-10,15471.7001953125,15656.0498046875,15417.5,15565.2001953125,27600
2020-07-13,15643.099609375,15885.5498046875,15624.7998046875,15819.2001953125,44800
2020-07-14,15779.5,15941.650390625,15611.849609375,15640.5498046875,42000
2020-07-15,15853.7998046875,16624.650390625,15830.5,16459.849609375,193800
2020-07-16,16971.25,17491.150390625,16715.75,16926.05078125,190500
2020-07-17,16936.94921875,16975.19921875,16693.349609375,16821.349609375,88200
2020-07-20,16880.349609375,17376.150390625,16849.150390625,17258.30078125,61200
2020-07-21,17453.349609375,17514.05078125,17219.69921875,17273.19921875,63700
2020-07-22,17317.30078125,17321.69921875,16978.400390625,17076.05078125,38300
2020-07-23,17071.80078125,17082.55078125,16949.150390625,17045.19921875,35700
2020-07-24,16944.55078125,17322.69921875,16944.55078125,17286.0,75700
2020-07-27,17323.0,17735.650390625,17290.55078125,17626.75,65300
2020-07-28,17647.900390625,18103.650390625,17634.400390625,18042.75,74600
2020-07-29,17959.80078125,18108.69921875,17783.30078125,17880.5,45700
2020-07-30,17995.25,18252.69921875,17967.19921875,18003.55078125,63700
2020-07-31,18166.30078125,18353.5,17909.30078125,18071.849609375,47100
2020-08-03,18099.400390625,18140.849609375,17840.30078125,17965.80078125,33100
2020-08-04,18029.400390625,18092.0,17716.400390625,17808.0,0
2020-08-05,17889.55078125,18139.25,17818.150390625,17869.80078125,35500
2020-08-06,18009.69921875,18222.80078125,17943.849609375,18188.75,43900
2020-08-07,18182.30078125,18182.30078125,17977.69921875,18004.150390625,32100
2020-08-10,18090.25,18205.25,18016.80078125,18159.55078125,26000
2020-08-11,18202.5,18331.650390625,18036.5,18057.099609375,30800
2020-08-12,18077.150390625,18109.80078125,17900.0,18066.0,38900
2020-08-13,18141.349609375,18344.05078125,18032.900390625,18107.19921875,35300
2020-08-14,18137.30078125,18230.099609375,17994.650390625,18022.650390625,25700
2020-08-17,18136.650390625,18306.94921875,18103.30078125,18223.599609375,39300
2020-08-18,18318.599609375,18375.150390625,18209.55078125,18270.349609375,0
2020-08-19,18340.0,18354.80078125,18187.55078125,18210.849609375,0
2020-08-20,18181.400390625,18252.30078125,18083.25,18126.099609375,0
2020-08-21,18266.900390625,18282.55078125,18047.94921875,18065.30078125,0
2020-08-24,18092.55078125,18112.900390625,17915.599609375,18010.94921875,0
2020-08-25,18028.80078125,18047.5,17914.5,17973.69921875,0
2020-08-26,18022.69921875,18156.150390625,17940.69921875,18128.0,0
2020-08-27,18231.94921875,18305.55078125,18075.75,18102.650390625,0
2020-08-28,18216.30078125,18253.599609375,18093.44921875,18122.0,0
2020-08-31,18163.25,18426.400390625,17791.849609375,17928.849609375,0
2020-09-01,17954.599609375,18154.400390625,17775.650390625,17814.05078125,0
2020-09-02,17860.650390625,18114.849609375,17858.30078125,18077.0,0
2020-09-03,18148.25,18497.94921875,18108.0,18348.55078125,0
2020-09-04,18049.19921875,18259.80078125,18012.80078125,18073.94921875,0
2020-09-07,18093.05078125,18208.94921875,17962.349609375,18176.80078125,28400
2020-09-08,18304.25,18671.75,18213.55078125,18395.75,0
2020-09-09,18264.19921875,18439.55078125,18193.44921875,18261.5,0
2020-09-10,18385.94921875,18416.75,18217.099609375,18395.849609375,0
2020-09-11,18347.650390625,18740.849609375,18338.099609375,18633.25,0
2020-09-14,18804.849609375,19592.30078125,18799.55078125,19505.099609375,0
2020-09-15,19511.5,19823.0,19392.349609375,19627.30078125,0
2020-09-16,19642.30078125,19802.400390625,19533.69921875,19770.349609375,0
2020-09-17,19660.44921875,20014.650390625,19605.05078125,19817.69921875,0
2020-09-18,19889.94921875,20067.69921875,19777.75,19827.099609375,0
2020-09-21,19855.55078125,20331.599609375,19683.849609375,19729.0,0
2020-09-22,19813.349609375,20113.400390625,19376.69921875,19866.099609375,0
2020-09-23,20016.80078125,20226.30078125,19615.150390625,19805.650390625,0
2020-09-24,19630.30078125,19658.0,18914.69921875,18973.05078125,0
2020-09-25,19108.75,19678.5,19077.849609375,19629.349609375,0
2020-09-28,19774.75,19836.94921875,19463.650390625,19783.05078125,0
2020-09-29,19891.05078125,20146.349609375,19782.349609375,19831.80078125,0
2020-09-30,19880.599609375,20048.55078125,19741.650390625,19951.349609375,0
2020-10-01,20129.80078125,20196.05078125,20009.30078125,20110.400390625,0
2020-10-05,20375.900390625,20940.900390625,20341.44921875,20809.0,0
2020-10-06,20995.30078125,20995.30078125,20573.900390625,20896.75,0
2020-10-07,20897.55078125,21121.599609375,20771.650390625,21017.400390625,0
2020-10-08,21531.849609375,22169.30078125,21501.94921875,21697.25,0
2020-10-09,21703.44921875,21922.75,21540.650390625,21837.650390625,0
2020-10-12,21990.849609375,22320.0,21845.05078125,22202.099609375,0
2020-10-13,22230.19921875,22619.0,22186.05078125,22492.599609375,0
2020-10-14,22475.849609375,22490.30078125,22129.94921875,22204.05078125,0
2020-10-15,22473.650390625,22570.5,21364.150390625,21567.30078125,0
2020-10-16,21638.25,21908.80078125,21247.55078125,21538.150390625,0
2020-10-19,21683.80078125,21683.80078125,21354.900390625,21391.900390625,0
2020-10-20,21397.5,21779.80078125,21346.05078125,21694.349609375,0
2020-10-21,21757.05078125,21892.30078125,21406.099609375,21577.650390625,0
2020-10-22,21480.69921875,21767.05078125,21290.44921875,21413.5,0
2020-10-23,21546.650390625,21621.599609375,21385.150390625,21523.599609375,0
2020-10-26,21493.30078125,21595.80078125,21148.650390625,21265.69921875,0
2020-10-27,21287.099609375,21371.599609375,20932.69921875,21023.400390625,0
2020-10-28,21121.900390625,21194.75,20701.0,20810.30078125,0
2020-10-29,20667.69921875,20961.05078125,20548.30078125,20876.94921875,0
2020-10-30,20912.94921875,21197.30078125,20797.5,20916.849609375,0
2020-11-02,20964.150390625,21012.44921875,20669.349609375,20732.30078125,0
2020-11-03,20792.25,21017.94921875,20679.650390625,20736.0,0
2020-11-04,20769.900390625,21468.44921875,20765.80078125,21104.55078125,0
2020-11-05,21383.69921875,21596.0,21284.599609375,21385.650390625,0
2020-11-06,21435.150390625,21582.19921875,21251.55078125,21492.30078125,0
2020-11-09,21751.650390625,21926.900390625,21620.55078125,21820.150390625,0
2020-11-10,21633.099609375,21633.099609375,20862.69921875,20978.5,0
2020-11-11,21029.25,21365.650390625,20967.80078125,21330.5,0
2020-11-12,21380.19921875,21610.05078125,21291.69921875,21363.349609375,0
2020-11-13,21305.349609375,21462.0,21219.80078125,21436.849609375,0
2020-11-17,21704.05078125,21706.19921875,21361.44921875,21488.55078125,0
2020-11-18,21519.150390625,21557.099609375,21153.849609375,21314.849609375,0
2020-11-19,21285.75,21451.80078125,21070.25,21114.44921875,0
2020-11-20,21275.349609375,21500.650390625,21121.75,21409.25,0
2020-11-23,21551.849609375,22047.05078125,21432.650390625,22007.05078125,0
2020-11-24,22099.599609375,22281.849609375,22016.94921875,22064.30078125,0
2020-11-25,22087.900390625,22132.900390625,21675.900390625,21705.900390625,0
2020-11-26,21717.400390625,21919.150390625,21544.05078125,21859.900390625,36600
2020-11-27,21879.150390625,21972.94921875,21697.0,21764.900390625,0
2020-12-01,21921.099609375,22216.44921875,21814.400390625,22170.900390625,0
2020-12-02,22149.349609375,22371.55078125,21961.44921875,22319.0,0
2020-12-03,22458.75,22458.80078125,22147.30078125,22202.19921875,0
2020-12-04,22222.25,22347.849609375,22130.30078125,22309.80078125,0
2020-12-07,22333.30078125,22482.900390625,22271.0,22440.900390625,0
2020-12-08,22484.349609375,22737.94921875,22387.349609375,22617.400390625,0
2020-12-09,22799.94921875,22895.5,22720.5,22803.44921875,0
2020-12-10,22693.94921875,22809.55078125,22606.599609375,22755.75,0
2020-12-11,22754.5,22901.75,22541.099609375,22664.0,0
2020-12-14,22786.0,22792.44921875,22487.30078125,22746.69921875,30500
2020-12-15,22656.349609375,22779.69921875,22608.349609375,22715.099609375,29900
2020-12-16,22830.400390625,22933.80078125,22701.55078125,22906.25,0
2020-12-17,22913.150390625,22960.5,22835.400390625,22892.25,0
2020-12-18,23173.150390625,23416.5,23148.5,23256.599609375,0
2020-12-21,23233.5,23506.69921875,22458.150390625,22844.599609375,0
2020-12-22,22921.849609375,23680.900390625,22745.25,23611.599609375,0
2020-12-23,23787.80078125,24228.80078125,23758.400390625,24167.75,0
2020-12-24,24163.19921875,24163.19921875,23828.05078125,24009.25,0
2020-12-28,24065.400390625,24192.05078125,24037.80078125,24100.30078125,0
2020-12-29,24093.05078125,24424.19921875,24090.30078125,24274.05078125,0
2020-12-30,24312.5,24394.75,24176.25,24330.05078125,0
2020-12-31,24255.94921875,24295.19921875,24137.80078125,24251.349609375,0
2021-01-04,24612.05078125,25158.849609375,24508.94921875,25110.05078125,0
2021-01-05,25057.650390625,25824.150390625,25029.849609375,25769.150390625,0
2021-01-06,25841.30078125,26036.69921875,25240.5,25419.150390625,0
2021-01-07,25692.05078125,25702.30078125,25131.900390625,25251.19921875,0
2021-01-08,25558.30078125,26227.5,25523.75,26162.400390625,0
2021-01-11,26703.19921875,27095.75,26528.0,27027.75,0
2021-01-12,27008.0,27127.25,26805.0,26982.099609375,0
2021-01-13,27077.69921875,27103.900390625,26737.400390625,27004.30078125,0
2021-01-14,26804.650390625,27176.5,26245.099609375,26965.55078125,0
2021-01-15,26939.69921875,27037.650390625,26301.400390625,26362.80078125,0
2021-01-18,26395.599609375,26423.599609375,25830.400390625,25916.25,54400
2021-01-19,26080.099609375,26254.05078125,25987.30078125,26043.5,41600
2021-01-20,26147.19921875,26758.099609375,26142.94921875,26619.69921875,0
2021-01-21,26808.5,26872.94921875,26321.80078125,26450.150390625,0
2021-01-22,26316.55078125,26667.55078125,26292.80078125,26489.75,0
2021-01-25,26607.650390625,26685.80078125,25911.80078125,26023.30078125,0
2021-01-27,26073.099609375,26236.55078125,25628.69921875,25865.30078125,0
2021-01-28,25639.900390625,25807.650390625,25239.69921875,25301.25,0
2021-01-29,25516.80078125,25539.849609375,24559.650390625,24645.75,0
2021-02-01,24709.25,25139.150390625,24308.900390625,24922.69921875,0
2021-02-02,25277.44921875,25574.75,25107.19921875,25447.80078125,38500
2021-02-03,25590.05078125,25949.69921875,25341.400390625,25680.900390625,35500
2021-02-04,25749.69921875,25862.5,25505.25,25570.05078125,0
2021-02-05,25689.69921875,25733.5,25188.400390625,25331.599609375,0
2021-02-08,25588.5,26028.0,25415.94921875,25915.599609375,0
2021-02-09,25933.80078125,26301.19921875,25659.900390625,25779.150390625,0
2021-02-10,25779.900390625,25941.05078125,25570.19921875,25885.30078125,0
2021-02-11,25860.849609375,26080.150390625,25795.849609375,26043.44921875,0
2021-02-12,26111.80078125,26455.05078125,26012.25,26093.80078125,0
2021-02-15,26243.099609375,26279.30078125,25959.099609375,26001.099609375,0
2021-02-16,26130.400390625,26167.849609375,25519.94921875,25613.94921875,0
2021-02-17,25610.400390625,25672.25,25234.69921875,25282.94921875,0
2021-02-18,25270.94921875,25686.849609375,25262.650390625,25618.55078125,0
2021-02-19,25634.94921875,25676.0,25292.650390625,25503.19921875,0
2021-02-22,25579.75,25617.349609375,24646.44921875,24766.44921875,0
2021-02-23,24933.69921875,25199.599609375,24709.150390625,24807.80078125,0
2021-02-24,24814.55078125,24872.349609375,24518.69921875,24779.400390625,19700
2021-02-25,24979.0,25199.80078125,24830.69921875,24872.44921875,34500
2021-02-26,24611.19921875,24689.0,24212.80078125,24301.44921875,0
2021-03-01,24494.650390625,24846.099609375,24451.44921875,24556.30078125,0
2021-03-02,24809.69921875,25435.400390625,24770.349609375,25301.849609375,0
2021-03-03,25582.599609375,25814.900390625,25331.400390625,25772.650390625,0
2021-03-04,25471.69921875,25981.349609375,25450.44921875,25631.849609375,0
2021-03-05,25504.69921875,25697.75,25113.44921875,25229.599609375,0
2021-03-08,25368.19921875,25549.30078125,25259.599609375,25347.94921875,0
2021-03-09,25388.80078125,25685.80078125,25095.349609375,25582.349609375,0
2021-03-10,25862.05078125,26136.55078125,25782.30078125,26010.099609375,0
2021-03-12,26060.44921875,26298.0,25819.900390625,25888.25,0
2021-03-15,25859.150390625,26094.150390625,25651.80078125,26032.05078125,0
2021-03-16,26132.44921875,26602.650390625,26111.099609375,26363.849609375,0
2021-03-17,26378.19921875,26657.099609375,26113.75,26183.5,0
2021-03-18,26365.900390625,26395.94921875,25012.5,25373.349609375,0
2021-03-19,25273.349609375,25687.400390625,25028.30078125,25562.75,0
2021-03-22,25649.05078125,26102.80078125,25418.44921875,26035.349609375,0
2021-03-23,26105.69921875,26315.80078125,25928.0,26105.69921875,0
2021-03-24,25863.55078125,26114.599609375,25738.150390625,25802.94921875,0
2021-03-25,25739.80078125,25766.0,25131.400390625,25237.099609375,0
2021-03-26,25475.30078125,25687.05078125,25276.599609375,25385.099609375,0
2021-03-30,25531.099609375,26306.650390625,25429.19921875,26121.099609375,44200
2021-03-31,26130.599609375,26130.599609375,25788.0,25855.0,0
2021-04-01,26039.849609375,26289.099609375,25855.349609375,25980.400390625,0
2021-04-05,26035.5,26630.80078125,25978.94921875,26491.400390625,0
2021-04-06,26715.19921875,26715.19921875,26403.44921875,26532.19921875,0
2021-04-07,26514.94921875,26899.19921875,26401.69921875,26831.0,0
2021-04-08,26899.5,27413.55078125,26845.849609375,27148.400390625,0
2021-04-09,27322.05078125,27520.099609375,27109.94921875,27367.05078125,0
2021-04-12,27504.400390625,27524.599609375,26545.650390625,26727.80078125,0
2021-04-13,26737.69921875,26759.19921875,25513.400390625,25851.30078125,0
2021-04-15,25577.0,26084.150390625,25293.30078125,26010.849609375,0
2021-04-16,26183.44921875,26476.650390625,26131.19921875,26324.900390625,0
2021-04-19,26012.400390625,26524.650390625,25875.900390625,26236.900390625,0
2021-04-20,26495.599609375,26496.5,25736.44921875,25877.599609375,0
2021-04-22,25902.599609375,26055.0,25718.599609375,25826.69921875,64600
2021-04-23,25746.44921875,25926.05078125,25531.94921875,25609.099609375,0
2021-04-26,25633.099609375,25887.099609375,25521.19921875,25680.30078125,0
2021-04-27,25737.19921875,25871.44921875,25686.94921875,25815.75,0
2021-04-28,25952.650390625,25992.5,25781.150390625,25962.099609375,0
2021-04-29,26162.19921875,26162.19921875,25827.150390625,25874.30078125,0
2021-04-30,25777.75,26154.30078125,25593.900390625,25664.44921875,0
2021-05-03,25544.849609375,25785.599609375,25427.900390625,25676.05078125,26600
2021-05-04,25783.19921875,25801.25,25398.94921875,25489.0,27200
2021-05-05,25670.55078125,25857.650390625,25564.599609375,25786.94921875,0
2021-05-06,25868.25,26387.650390625,25639.599609375,26258.69921875,0
2021-05-07,26378.80078125,26454.099609375,26180.25,26269.44921875,0
2021-05-10,26340.599609375,26390.80078125,26106.349609375,26273.44921875,0
2021-05-11,26098.900390625,26146.5,25968.099609375,26106.69921875,0
2021-05-12,26105.19921875,26105.19921875,25728.44921875,25855.44921875,0
2021-05-14,25896.19921875,25901.19921875,25461.94921875,25588.19921875,0
2021-05-17,25650.44921875,25770.5,25499.44921875,25703.55078125,0
2021-05-18,25898.900390625,26094.099609375,25840.55078125,25958.25,0
2021-05-19,25949.55078125,26262.69921875,25869.650390625,25982.80078125,0
2021-05-20,26075.400390625,26118.25,25821.55078125,25894.5,0
2021-05-21,26012.849609375,26154.0,25936.599609375,26105.30078125,0
2021-05-24,26150.599609375,26298.55078125,26095.400390625,26144.19921875,0
2021-05-25,26275.44921875,26550.55078125,26241.150390625,26393.900390625,0
2021-05-26,26450.69921875,26905.75,26380.5,26857.349609375,0
2021-05-27,26921.80078125,27350.25,26916.849609375,27164.80078125,0
2021-05-28,27238.099609375,27278.69921875,27041.900390625,27122.80078125,0
2021-05-31,27144.099609375,27203.900390625,26886.80078125,27115.05078125,0
2021-06-01,27216.75,27254.150390625,26953.5,27144.400390625,0
2021-06-02,27051.400390625,27118.69921875,26737.150390625,26939.650390625,0
2021-06-03,27088.44921875,27159.94921875,26855.19921875,26987.900390625,0
2021-06-04,27031.599609375,27167.5,26914.599609375,26996.75,0
2021-06-07,27078.400390625,27330.400390625,26997.80078125,27295.650390625,0
2021-06-08,27400.80078125,27732.349609375,27376.94921875,27623.80078125,0
2021-06-09,27691.30078125,27793.80078125,27436.349609375,27539.0,0
2021-06-10,27676.5,27822.099609375,27649.94921875,27798.0,0
2021-06-11,27866.25,28347.5,27820.5,28217.5,0
2021-06-14,28371.900390625,28467.349609375,28134.650390625,28314.099609375,0
2021-06-15,28384.69921875,28544.599609375,28325.900390625,28377.849609375,0
2021-06-16,28384.150390625,28600.19921875,28241.25,28448.849609375,0
2021-06-17,28355.150390625,28714.599609375,28343.05078125,28611.349609375,0
2021-06-18,28829.5,28934.05078125,28227.55078125,28445.599609375,0
2021-06-21,28224.099609375,28393.05078125,28083.75,28367.0,0
2021-06-22,28514.150390625,28656.400390625,28396.5,28523.55078125,0
2021-06-23,28719.650390625,28719.650390625,28229.349609375,28258.5,0
2021-06-24,28395.44921875,29098.94921875,28357.30078125,29048.0,0
2021-06-25,29176.75,29284.0,28874.599609375,29210.55078125,0
2021-06-28,29259.599609375,29259.599609375,28977.75,29068.55078125,0
2021-06-29,29049.650390625,29183.849609375,28934.150390625,28986.25,0
2021-06-30,29057.150390625,29311.55078125,29036.94921875,29168.0,0
2021-07-01,29193.05078125,29193.05078125,28953.05078125,29003.099609375,15900
2021-07-02,28983.5,29028.349609375,28704.0,29007.94921875,16400
2021-07-05,29117.44921875,29185.599609375,28907.75,28950.599609375,0
2021-07-06,28924.0,28986.099609375,28607.599609375,28649.400390625,0
2021-07-07,28708.599609375,28790.30078125,28381.30078125,28734.650390625,0
2021-07-08,28821.75,28934.44921875,28541.94921875,28749.0,0
2021-07-09,28669.19921875,28898.849609375,28549.25,28662.19921875,0
2021-07-12,28837.05078125,28854.55078125,28421.55078125,28532.349609375,0
2021-07-13,28674.69921875,28681.19921875,28381.900390625,28439.75,0
2021-07-14,28581.25,29376.900390625,28534.849609375,29339.849609375,0
2021-07-15,29303.349609375,29835.900390625,29284.80078125,29718.05078125,0
2021-07-16,29734.75,29734.75,29287.25,29400.25,0
2021-07-19,29248.30078125,29592.349609375,29167.349609375,29264.0,0
2021-07-20,29282.80078125,29410.5,28992.0,29252.5,0
2021-07-22,29335.69921875,29808.44921875,29335.69921875,29779.94921875,0
2021-07-23,29895.599609375,30059.69921875,29848.05078125,29894.30078125,0
2021-07-26,29886.19921875,30139.19921875,29859.599609375,29940.400390625,0
2021-07-27,29967.900390625,30048.349609375,29698.94921875,29892.55078125,0
2021-07-28,29934.05078125,29993.55078125,29510.349609375,29954.150390625,0
2021-07-29,30037.19921875,30406.0,30037.099609375,30371.400390625,0
2021-07-30,30546.849609375,30818.55078125,30438.349609375,30480.05078125,0
2021-08-02,30681.94921875,30832.30078125,30547.0,30803.05078125,0
2021-08-03,30974.75,31196.44921875,30872.349609375,31165.849609375,0
2021-08-04,31296.80078125,31338.80078125,30895.44921875,30977.150390625,0
2021-08-05,31025.150390625,31560.19921875,30980.900390625,31211.19921875,0
2021-08-06,31251.19921875,31460.30078125,31057.599609375,31303.30078125,0
2021-08-09,31523.5,31685.400390625,31324.75,31441.0,0
2021-08-10,31489.94921875,31812.75,31431.150390625,31713.400390625,29900
2021-08-11,31767.900390625,31799.75,31522.400390625,31670.0,21200
2021-08-12,31667.349609375,32289.849609375,31667.349609375,32245.099609375,29100
2021-08-13,32308.849609375,32821.8984375,32264.150390625,32678.80078125,32200
2021-08-16,32671.75,32905.3515625,32438.25,32577.94921875,18000
2021-08-17,32614.0,33487.1015625,32449.650390625,33414.75,42300
2021-08-18,33482.8515625,33840.44921875,33268.6015625,33448.8984375,29400
2021-08-20,32954.19921875,33652.3984375,32949.8984375,33351.3515625,28500
2021-08-23,33582.1484375,34153.3984375,33567.3515625,33919.80078125,36600
2021-08-24,34145.25,34262.6015625,33634.75,33838.3984375,28600
2021-08-25,33887.75,34399.8515625,33764.1015625,34083.94921875,25300
2021-08-26,34092.8984375,34375.94921875,33929.69921875,34041.1015625,21000
2021-08-27,34036.44921875,34392.8515625,33799.05078125,34309.80078125,26200
2021-08-30,34338.75,34480.1484375,34027.5,34109.25,21200
2021-08-31,34205.80078125,34680.6484375,34043.6015625,34570.25,40000
2021-09-01,34698.75,34780.0,34037.1484375,34110.5,22300
2021-09-02,34218.25,34846.8984375,34051.8984375,34680.30078125,27500
2021-09-03,34744.44921875,34997.69921875,34490.6484375,34891.19921875,20900
2021-09-06,34992.05078125,35464.3984375,34855.94921875,35415.1015625,27600
2021-09-07,35549.30078125,35581.55078125,34906.8515625,34951.30078125,19400
2021-09-08,34973.8984375,34979.30078125,34515.44921875,34678.19921875,22700
2021-09-09,34676.19921875,34862.8515625,34530.0,34802.30078125,18000
2021-09-13,34688.30078125,35242.5,34573.69921875,35129.6015625,21100
2021-09-14,35224.25,35476.8984375,35020.69921875,35431.5,20200
2021-09-15,35462.3515625,36200.0,35375.3515625,36075.19921875,23100
2021-09-16,36151.3515625,36310.75,35694.8515625,35852.44921875,19500
2021-09-17,35915.3984375,36131.25,35527.0,35646.5,30300
2021-09-20,35462.3984375,36130.55078125,35346.19921875,35400.05078125,22500
2021-09-21,35609.1015625,36127.80078125,35332.8515625,36086.05078125,19600
2021-09-22,36154.05078125,36713.1484375,36145.94921875,36422.44921875,25700
2021-09-23,36691.94921875,36867.44921875,36532.44921875,36816.8984375,16700
2021-09-24,37128.75,37823.1484375,37055.0,37103.25,39400
2021-09-27,37335.8984375,37345.05078125,35968.75,36034.3984375,29900
2021-09-28,36082.0,36082.0,34924.55078125,35239.94921875,34200
2021-09-29,34894.8984375,35578.30078125,34733.94921875,35282.6484375,37000
2021-09-30,35394.8984375,35408.1015625,34975.6015625,35028.0,25400
2021-10-01,34955.5,35100.8984375,34719.80078125,34780.6015625,20000
2021-10-04,34923.80078125,35184.55078125,34778.25,35126.1484375,16800
2021-10-05,34978.3984375,35650.8515625,34781.6015625,35544.30078125,20600
2021-10-06,35689.55078125,35801.5,35003.05078125,35075.80078125,18500
2021-10-07,35323.6015625,35903.94921875,35233.30078125,35703.8515625,17800
2021-10-08,35920.55078125,36703.55078125,35786.30078125,36402.0,31000
2021-10-11,35494.3984375,35690.3984375,34768.94921875,35179.94921875,43100
2021-10-12,35179.19921875,35294.1484375,34512.80078125,34869.75,41100
2021-10-13,35053.69921875,35324.44921875,34872.3984375,35285.6015625,29400
2021-10-14,35921.44921875,36412.44921875,35571.3984375,35744.8515625,111700
2021-10-18,36012.0,36400.6015625,35863.3984375,36306.3515625,58800
2021-10-19,36841.6015625,37491.8515625,36720.0,37106.3515625,53800
2021-10-20,37188.1484375,37463.8984375,36534.5,36846.80078125,37500
2021-10-21,36988.8984375,36988.8984375,35624.5,35913.6015625,38300
2021-10-22,35892.6484375,36297.19921875,35098.19921875,35394.6484375,30400
2021-10-25,35467.1015625,35521.05078125,34529.8515625,35005.3984375,32100
2021-10-26,35181.69921875,35699.8515625,34957.75,35162.3515625,40800
2021-10-27,35245.05078125,35578.0,35163.05078125,35503.8984375,23600
2021-10-28,35575.6484375,35575.6484375,34787.1015625,34913.6015625,22600
2021-10-29,34820.30078125,35178.75,34288.55078125,34408.75,26900
2021-11-01,34677.30078125,35328.55078125,34654.94921875,35290.0,19700
2021-11-02,35334.25,35522.3515625,35076.1484375,35177.3515625,17700
2021-11-03,35351.44921875,35525.75,35093.05078125,35177.1015625,15000
2021-11-04,35403.0,35452.3515625,35302.44921875,35334.25,2200
2021-11-08,35606.0,35852.5,35177.94921875,35782.3515625,22100
2021-11-09,35839.19921875,36117.94921875,35763.8515625,35815.1015625,18300
2021-11-10,35635.05078125,35862.44921875,35576.19921875,35722.94921875,15500
2021-11-11,35626.6484375,35697.0,35141.30078125,35583.6484375,19600
2021-11-12,35860.1015625,36378.05078125,35732.75,36332.30078125,23500
2021-11-15,36391.1015625,36646.25,36302.94921875,36465.30078125,18700
2021-11-16,36555.25,36794.25,36429.8984375,36643.8984375,23800
2021-11-17,36623.75,36835.94921875,36431.25,36660.8984375,19700
2021-11-18,36641.55078125,36702.3984375,35867.30078125,36007.0,22000
2021-11-22,36097.0,36097.0,35224.55078125,35478.94921875,24300
2021-11-23,35206.0,35645.44921875,34707.8515625,35504.3984375,24100
2021-11-24,35627.94921875,35662.6015625,34828.30078125,34966.25,20200
2021-11-25,34978.0,35365.75,34934.55078125,35300.25,16900
2021-11-26,35024.69921875,35190.1015625,34512.6015625,34606.1484375,17400
2021-11-29,34382.3984375,35104.3515625,33953.8984375,34870.75,21000
2021-11-30,35018.8984375,35654.19921875,34918.6015625,35043.75,68200
2021-12-01,35143.0,35652.19921875,35123.94921875,35429.0,20200
2021-12-02,35504.80078125,36195.6484375,35418.25,36157.8515625,23600
2021-12-03,36314.80078125,36518.80078125,35784.1484375,35848.05078125,22500
2021-12-06,35835.44921875,35953.75,34828.1484375,34879.3984375,17500
2021-12-07,35136.55078125,35384.0,34756.6015625,35272.30078125,16200
2021-12-08,35584.80078125,36131.94921875,35576.8515625,35959.05078125,18600
2021-12-09,35963.69921875,36114.0,35573.3515625,35946.3515625,12400
2021-12-10,35820.05078125,35974.75,35652.19921875,35939.6015625,11800
2021-12-13,36104.3515625,36507.30078125,35984.55078125,36050.55078125,20400
2021-12-14,35946.75,36252.05078125,35637.8515625,36102.55078125,17400
2021-12-15,36033.8984375,36060.0,35536.1484375,35737.19921875,13100
2021-12-16,36078.30078125,36354.8515625,35979.1484375,36160.30078125,18900
2021-12-17,36704.19921875,37013.25,36497.94921875,36647.8984375,89100
2021-12-20,36411.8515625,36598.3515625,35559.30078125,35916.44921875,29300
2021-12-21,36159.19921875,36970.55078125,36147.6015625,36627.1484375,32300
2021-12-22,36853.8515625,37014.75,36669.0,36989.1484375,18900
2021-12-23,37190.30078125,37528.0,37086.8984375,37362.8515625,18500
2021-12-24,37657.1484375,37822.1484375,37417.6484375,37727.80078125,34400
2021-12-27,37722.8984375,38029.30078125,37431.0,37988.5,19000
2021-12-28,38184.6015625,38500.25,38164.44921875,38357.80078125,19000
2021-12-29,38269.1015625,38484.8984375,38181.8984375,38274.6484375,14200
2021-12-30,38231.1484375,38897.6015625,38153.3515625,38658.80078125,27100
2021-12-31,38708.1484375,38861.1015625,38468.3984375,38701.05078125,16300
2022-01-03,38752.6015625,39286.3515625,38752.55078125,39123.80078125,16700
2022-01-04,39243.5,39446.69921875,38828.6015625,39370.69921875,19900
2022-01-05,39261.55078125,39293.1484375,38409.25,38609.1484375,25200
2022-01-06,38181.3515625,38206.6015625,37757.19921875,38009.0,25900
2022-01-07,38140.1484375,38394.80078125,38003.1484375,38139.8515625,21600
2022-01-10,38596.75,38621.8984375,37991.30078125,38212.19921875,32800
2022-01-11,38186.94921875,38664.3984375,38138.0,38605.44921875,26600
2022-01-12,38857.75,38902.80078125,38424.75,38604.75,28100
2022-01-13,38768.8515625,38886.8515625,38151.05078125,38607.0,61200
2022-01-14,38351.3515625,38892.6484375,38049.6015625,38826.8515625,35700
2022-01-17,38764.6484375,38993.25,38486.3515625,38804.94921875,35400
2022-01-18,38830.1484375,38990.55078125,38004.25,38091.75,28100
2022-01-19,38011.8984375,38011.8984375,37236.1484375,37281.69921875,32700
2022-01-20,37175.0,37249.05078125,36512.5,36662.19921875,32000
2022-01-21,36354.30078125,36579.6484375,35836.6484375,36054.6015625,34500
2022-01-24,35934.19921875,35969.8515625,34563.19921875,34821.6015625,36400
2022-01-25,34490.3515625,35065.80078125,33956.55078125,34707.44921875,41900
2022-01-27,34338.1015625,34362.8515625,33251.69921875,33475.05078125,49300
2022-01-28,33608.44921875,34473.5,33608.44921875,33851.94921875,48300
2022-01-31,34519.30078125,34972.25,34440.30078125,34824.55078125,40400
2022-02-01,35337.94921875,35435.5,34754.3515625,35371.6484375,29800
2022-02-02,35556.5,35845.30078125,35278.55078125,35788.75,32400
2022-02-03,35656.8515625,35693.3984375,34962.44921875,35056.80078125,21200
2022-02-04,34982.69921875,35194.6015625,34539.8984375,35080.1015625,21600
2022-02-07,34898.0,35148.0,34372.94921875,34621.25,21600
2022-02-08,34687.8515625,34862.1015625,34189.6484375,34521.55078125,22700
2022-02-09,34741.8515625,35052.6484375,34707.6484375,34983.30078125,18600
2022-02-10,35255.94921875,35379.8515625,34994.75,35341.8515625,17800
2022-02-11,34889.44921875,34917.8515625,34313.25,34379.05078125,28100
2022-02-14,33857.3984375,34466.6484375,33666.25,33880.6484375,29100
2022-02-15,34268.30078125,35017.1015625,34081.05078125,34913.30078125,22600
2022-02-16,35103.19921875,35209.69921875,34712.30078125,34801.94921875,21700
2022-02-17,35022.8515625,35052.3515625,34564.19921875,34634.1015625,18800
2022-02-18,34359.94921875,34727.1015625,34295.69921875,34483.1015625,21700
2022-02-21,34372.0,34692.3515625,33989.30078125,34472.05078125,27100
2022-02-22,33678.3515625,34287.19921875,33600.44921875,34129.55078125,32900
2022-02-23,34385.1015625,34430.94921875,34042.69921875,34114.30078125,19900
2022-02-24,33077.6484375,33396.25,32438.25,32547.900390625,44300
2022-02-25,33214.3515625,33678.0,33058.80078125,33476.94921875,27500
2022-02-28,33180.3515625,33961.05078125,32858.75,33847.8515625,39200
2022-03-02,33748.3984375,33924.75,33484.6015625,33720.0,25400
2022-03-03,34032.19921875,34410.69921875,33887.55078125,34130.30078125,31900
2022-03-04,33720.6484375,34504.8515625,33462.19921875,34177.69921875,34400
2022-03-07,33524.6015625,34435.6015625,33499.3515625,34135.8984375,34500
2022-03-08,33977.8984375,35162.94921875,33977.8984375,35055.55078125,34100
2022-03-09,35218.1484375,35726.25,35154.19921875,35440.55078125,35100
2022-03-10,35931.1484375,35931.1484375,35265.5,35399.1015625,29000
2022-03-11,35203.80078125,35478.3515625,35148.1015625,35348.69921875,17400
2022-03-14,35347.94921875,36071.3984375,35347.94921875,36028.0,28700
2022-03-15,36131.44921875,36131.44921875,34996.55078125,35097.8515625,26400
2022-03-16,35601.3515625,35787.94921875,35369.69921875,35729.6484375,20900
2022-03-17,36245.05078125,36246.44921875,35466.19921875,35643.6015625,42400
2022-03-21,35829.19921875,36135.5,35299.1015625,35377.75,26700
2022-03-22,35425.94921875,36119.8515625,35309.55078125,36070.44921875,25700
2022-03-23,36251.8515625,36362.94921875,35883.1015625,36082.0,21300
2022-03-24,35872.55078125,36597.80078125,35853.1015625,36516.75,16600
2022-03-25,36630.19921875,36710.5,35914.80078125,36152.30078125,17500
2022-03-28,36108.5,36207.75,35669.6015625,36026.05078125,18400
2022-03-29,36075.44921875,36256.30078125,35982.94921875,36146.75,17500
2022-03-30,36493.1015625,36519.75,36244.44921875,36463.55078125,26800
2022-03-31,36517.94921875,36663.19921875,36164.8984375,36317.19921875,21700
2022-04-01,36228.25,36424.6015625,36039.6484375,36343.3984375,18600
2022-04-04,36347.55078125,36526.75,36130.3515625,36442.8984375,18800
2022-04-05,36534.94921875,36813.1015625,36423.5,36466.55078125,22100
2022-04-06,36371.0,36371.8984375,35781.5,35871.5,19000
2022-04-07,35744.6484375,35817.44921875,35379.19921875,35423.25,24700
2022-04-08,35599.30078125,35679.30078125,35219.6484375,35394.44921875,21400
2022-04-11,35429.6484375,35443.80078125,34832.8515625,34895.8984375,29900
2022-04-12,34683.8515625,34747.75,34204.1015625,34379.5,26600
2022-04-13,34553.1015625,34591.0,34231.80078125,34354.80078125,18500
2022-04-18,33174.55078125,33366.1484375,32600.900390625,32780.05078125,57300
2022-04-19,33108.6484375,33108.6484375,31569.349609375,31804.19921875,38800
2022-04-20,32030.75,32306.349609375,31718.150390625,32173.400390625,27900
2022-04-21,32399.599609375,32700.0,32145.30078125,32611.599609375,26500
2022-04-22,32287.849609375,32748.849609375,32186.400390625,32426.69921875,30100
2022-04-25,32103.19921875,32130.44921875,31637.44921875,31744.0,22500
2022-04-26,32088.94921875,32141.44921875,31683.19921875,31840.05078125,19500
2022-04-27,31689.849609375,31689.849609375,31276.150390625,31594.349609375,26900
2022-04-28,31858.5,32156.30078125,31468.150390625,31914.349609375,28000
2022-04-29,32135.900390625,32212.900390625,31541.349609375,31622.400390625,33500
2022-05-02,31377.349609375,31409.650390625,30940.650390625,31138.80078125,37000
2022-05-04,31260.400390625,31452.80078125,30663.400390625,30794.599609375,25000
2022-05-05,31215.69921875,31470.150390625,31117.5,31432.44921875,21100
2022-05-06,30803.75,30881.099609375,30278.849609375,30719.44921875,31900
2022-05-09,30490.94921875,30934.44921875,30019.80078125,30733.30078125,31400
2022-05-10,30635.0,30785.94921875,30343.099609375,30427.19921875,22900
2022-05-11,30425.55078125,30548.55078125,29669.25,30050.25,29100
2022-05-12,29744.5,30184.349609375,29497.25,29756.849609375,26400
2022-05-13,30062.80078125,30115.05078125,29539.05078125,29624.849609375,24100
2022-05-16,29680.650390625,29875.25,29278.349609375,29403.5,18000
2022-05-17,29503.30078125,30313.900390625,29339.650390625,30218.75,23400
2022-05-18,30367.5,30823.150390625,30045.650390625,30077.69921875,27900
2022-05-19,29448.44921875,29495.150390625,28193.599609375,28352.150390625,45400
2022-05-20,28884.75,28897.44921875,28577.650390625,28789.400390625,26500
2022-05-23,28861.349609375,29308.25,28604.69921875,29079.30078125,22000
2022-05-24,29123.599609375,29141.55078125,28425.400390625,28531.5,23400
2022-05-25,28470.900390625,28479.349609375,27423.80078125,27566.099609375,33600
2022-05-26,27729.150390625,28040.25,27516.400390625,27932.55078125,31500
2022-05-27,28302.30078125,28728.30078125,28210.80078125,28641.599609375,25700
2022-05-30,29084.099609375,29837.650390625,29069.0,29753.30078125,28000
2022-05-31,29609.099609375,29807.349609375,29294.349609375,29679.05078125,55300
2022-06-01,29822.150390625,29829.75,29148.55078125,29260.75,22400
2022-06-02,29249.80078125,29875.349609375,29197.900390625,29792.400390625,24100
2022-06-03,30169.94921875,30559.0,29858.150390625,29903.80078125,33100
2022-06-06,29750.69921875,29972.849609375,29281.44921875,29819.80078125,22400
2022-06-07,29593.44921875,29650.55078125,29243.900390625,29351.69921875,14300
2022-06-08,29519.650390625,29588.400390625,29155.599609375,29472.150390625,14200
2022-06-09,29254.400390625,29802.80078125,29062.19921875,29761.55078125,14100
2022-06-10,29299.5,29350.599609375,29022.75,29114.30078125,23600
2022-06-13,28419.849609375,28443.849609375,27792.099609375,27914.599609375,22900
2022-06-14,27626.19921875,28249.599609375,27502.05078125,27953.349609375,25900
2022-06-15,28017.94921875,28131.150390625,27786.650390625,27812.44921875,18600
2022-06-16,28191.849609375,28224.5,27067.44921875,27136.44921875,29200
2022-06-17,26866.599609375,26993.55078125,26399.75,26732.44921875,50900
2022-06-20,26819.44921875,27112.650390625,26544.80078125,26966.19921875,22800
2022-06-21,27202.900390625,27895.0,27137.900390625,27810.650390625,23000
2022-06-22,27656.30078125,27824.05078125,27426.05078125,27488.400390625,25100
2022-06-23,27532.75,28100.05078125,27532.75,28027.80078125,26700
2022-06-24,28261.0,28361.19921875,27631.44921875,27777.80078125,24600
2022-06-27,28293.19921875,28588.69921875,28251.400390625,28345.94921875,22500
2022-06-28,28218.5,28602.05078125,27983.599609375,28509.099609375,19200
2022-06-29,28105.69921875,28446.44921875,28046.75,28140.099609375,25400
2022-06-30,28131.94921875,28325.650390625,27775.75,27843.349609375,27100
2022-07-01,27718.80078125,28151.0,27524.30078125,28064.25,17400
2022-07-04,28084.25,28174.400390625,27643.650390625,27890.650390625,16500
2022-07-05,28020.30078125,28233.05078125,27642.599609375,27695.150390625,22700
2022-07-06,27778.650390625,28148.900390625,27628.55078125,28007.599609375,19400
2022-07-07,28217.80078125,28459.25,28077.05078125,28196.349609375,17500
2022-07-08,28450.55078125,28459.55078125,28095.349609375,28250.30078125,18400
2022-07-11,27855.75,27941.19921875,27195.650390625,27380.55078125,31000
2022-07-12,27248.19921875,27504.400390625,27022.849609375,27063.75,22900
2022-07-13,27228.94921875,27247.44921875,26872.75,26949.75,32800
2022-07-14,27155.0,27162.900390625,26298.0,26523.30078125,29800
2022-07-15,26664.30078125,26734.0,26189.400390625,26484.75,34100
2022-07-18,26801.75,27376.19921875,26785.80078125,27322.94921875,28800
2022-07-19,27071.80078125,27399.5,27065.80078125,27346.150390625,23300
2022-07-20,27701.05078125,28175.5,27631.400390625,28146.349609375,35900
2022-07-21,28116.55078125,28369.94921875,27848.75,28342.900390625,42400
2022-07-22,28429.55078125,28549.25,27862.05078125,28168.150390625,27400
2022-07-25,28006.650390625,28320.849609375,27890.650390625,28216.0,23800
2022-07-26,28157.5,28157.5,27383.94921875,27418.849609375,29900
2022-07-27,27420.650390625,27908.25,27339.94921875,27878.80078125,19700
2022-07-28,28225.099609375,28703.400390625,28170.44921875,28663.05078125,27400
2022-07-29,28983.25,29355.0,28909.150390625,29152.30078125,31500
2022-08-01,29376.650390625,29376.650390625,28928.94921875,29220.0,16500
2022-08-02,29131.099609375,29153.05078125,28871.19921875,29024.650390625,21400
2022-08-03,29002.30078125,29453.349609375,28929.900390625,29416.94921875,25600
2022-08-04,29694.05078125,29972.349609375,29278.150390625,29782.900390625,30900
2022-08-05,29891.849609375,30080.19921875,29799.19921875,29973.55078125,20200
2022-08-08,29999.150390625,30036.75,29694.150390625,29967.69921875,15200
2022-08-10,30013.44921875,30013.44921875,29456.80078125,29701.150390625,19600
2022-08-11,30164.19921875,30388.900390625,30073.94921875,30233.69921875,18800
2022-08-12,30184.94921875,30195.0,29819.150390625,29885.900390625,15100
2022-08-16,30130.900390625,30141.349609375,29826.25,29909.0,0
2022-08-17,29917.349609375,30328.150390625,29784.150390625,30256.900390625,22100
2022-08-18,30148.80078125,30166.099609375,29857.650390625,30018.900390625,22300
2022-08-19,30095.44921875,30474.650390625,29943.900390625,30036.099609375,25500
2022-08-22,29847.349609375,29881.75,29430.94921875,29478.900390625,19900
2022-08-23,29041.599609375,29188.900390625,28714.150390625,28957.849609375,25300
2022-08-24,28981.349609375,29120.30078125,28762.44921875,28859.849609375,13500
2022-08-25,29061.55078125,29081.75,28561.80078125,28608.650390625,18200
2022-08-26,28862.349609375,29067.55078125,28638.94921875,28691.599609375,14900
2022-08-29,27648.099609375,27773.099609375,27333.05078125,27678.94921875,35900
2022-08-30,27971.94921875,28466.80078125,27831.349609375,28407.900390625,30100
2022-09-01,27987.349609375,28020.0,27710.05078125,27846.80078125,28400
2022-09-02,28083.30078125,28085.349609375,27717.150390625,27745.80078125,17000
2022-09-05,27727.0,27978.80078125,27669.400390625,27836.599609375,20000
2022-09-06,27884.849609375,27967.099609375,27580.349609375,27742.80078125,21200
2022-09-07,27500.5,27917.80078125,27487.69921875,27832.400390625,17900
2022-09-08,28109.69921875,28206.599609375,27959.650390625,28102.400390625,19800
2022-09-09,28343.80078125,28848.400390625,28127.44921875,28724.05078125,21500
2022-09-12,28975.900390625,29296.19921875,28932.05078125,29131.19921875,23700
2022-09-13,29334.05078125,29344.900390625,29062.599609375,29116.849609375,18100
2022-09-14,28215.75,28284.05078125,28040.30078125,28137.650390625,43300
2022-09-15,28232.849609375,28265.75,27684.400390625,27734.349609375,28100
2022-09-16,27530.599609375,27575.55078125,26632.94921875,26706.44921875,50200
2022-09-19,26882.650390625,27034.0,26506.900390625,26810.150390625,22600
2022-09-20,27079.150390625,27370.349609375,26969.55078125,27020.599609375,19600
2022-09-21,26896.80078125,27020.5,26805.44921875,26843.25,25900
2022-09-22,26659.05078125,27009.05078125,26552.44921875,26782.650390625,27300
2022-09-23,26715.650390625,27063.5,26560.94921875,26592.349609375,27900
2022-09-26,26431.900390625,27049.19921875,26186.69921875,26743.650390625,31600
2022-09-27,26922.5,27101.099609375,26682.150390625,27004.150390625,27400
2022-09-28,26778.849609375,27243.19921875,26773.80078125,27067.650390625,22600
2022-09-29,27273.900390625,27300.0,26721.94921875,26819.05078125,25000
2022-09-30,26713.05078125,27091.0,26453.0,26981.150390625,27600
2022-10-03,26950.05078125,27011.5,26597.55078125,26729.099609375,16700
2022-10-04,27163.349609375,27530.80078125,27106.5,27496.94921875,22500
2022-10-06,27734.849609375,28009.30078125,27726.05078125,27928.75,22200
2022-10-07,27874.849609375,27972.75,27656.650390625,27733.599609375,14900
2022-10-10,27259.400390625,28097.599609375,27259.400390625,28027.599609375,23400
2022-10-11,28065.150390625,28313.30078125,27400.05078125,27469.5,36400
2022-10-12,27609.650390625,27752.0,27416.69921875,27694.650390625,20500
2022-10-13,27625.75,27705.25,27346.5,27506.19921875,61300
2022-10-14,28221.05078125,28371.30078125,27842.69921875,27954.05078125,44900
2022-10-17,27903.349609375,28128.849609375,27798.69921875,28019.150390625,19000
2022-10-18,28342.5,28402.94921875,28211.55078125,28315.19921875,24100
2022-10-19,28370.5,28376.69921875,28007.05078125,28060.349609375,15200
2022-10-20,27905.599609375,28462.25,27901.05078125,28432.19921875,19700
2022-10-21,28428.400390625,28476.150390625,28207.30078125,28336.94921875,14700
2022-10-24,28632.849609375,28663.650390625,28504.55078125,28534.30078125,3800
2022-10-25,28687.900390625,28820.150390625,28544.650390625,28722.849609375,16500
2022-10-27,28787.099609375,28827.44921875,28403.30078125,28572.19921875,22300
2022-10-28,28567.650390625,28629.55078125,28267.19921875,28318.349609375,13800
2022-10-31,28588.69921875,28843.150390625,28573.25,28727.599609375,16000
2022-11-01,28924.25,29296.150390625,28874.650390625,29270.650390625,21500
2022-11-02,29299.400390625,29307.0,29023.5,29138.650390625,15600
2022-11-03,28866.349609375,28969.19921875,28643.5,28795.75,16600
2022-11-04,28756.75,28757.94921875,28425.599609375,28693.05078125,15700
2022-11-07,28815.94921875,28944.19921875,28480.650390625,28741.30078125,16300
2022-11-09,28940.400390625,28940.400390625,28505.30078125,28626.80078125,14000
2022-11-10,28287.849609375,28667.849609375,28284.650390625,28505.75,14500
2022-11-11,29182.349609375,29733.150390625,29163.75,29591.94921875,37800
2022-11-14,29709.75,29945.150390625,29610.55078125,29849.30078125,21700
2022-11-15,29789.849609375,29926.150390625,29531.650390625,29865.30078125,17000
2022-11-16,29920.650390625,30125.19921875,29812.900390625,29951.5,18100
2022-11-17,29810.44921875,29838.599609375,29610.099609375,29681.400390625,14000
2022-11-18,29739.19921875,29890.5,29398.94921875,29669.25,15000
2022-11-21,29520.150390625,29576.150390625,29153.900390625,29209.55078125,13000
2022-11-22,29195.69921875,29478.0,29020.349609375,29446.900390625,15000
2022-11-23,29574.650390625,29592.05078125,29365.25,29405.650390625,13100
2022-11-24,29507.55078125,30258.0,29464.75,30178.650390625,20800
2022-11-25,30233.900390625,30400.349609375,29981.150390625,30334.599609375,18600
2022-11-28,30207.75,30619.650390625,30152.849609375,30309.650390625,18400
2022-11-29,30242.400390625,30568.349609375,30228.099609375,30345.650390625,13300
2022-11-30,30274.5,30499.349609375,30133.94921875,30391.69921875,34400
2022-12-01,30749.44921875,31227.599609375,30723.25,31120.5,30800
2022-12-02,31097.55078125,31135.19921875,30869.69921875,31052.099609375,22900
2022-12-05,31052.0,31104.099609375,30750.55078125,30891.5,17100
2022-12-06,30656.19921875,30690.400390625,30323.94921875,30443.0,17000
2022-12-07,30319.25,30337.30078125,30091.19921875,30187.05078125,15200
2022-12-08,30175.849609375,30226.55078125,29983.400390625,30115.0,14400
2022-12-09,30196.25,30196.25,29038.599609375,29168.44921875,36300
2022-12-12,28940.94921875,29183.80078125,28661.099609375,29050.5,22600
2022-12-13,29103.5,29421.099609375,28993.80078125,29376.55078125,17100
2022-12-14,29546.94921875,29810.349609375,29503.099609375,29713.900390625,18400
2022-12-15,29609.599609375,29615.94921875,29039.25,29087.94921875,20500
2022-12-16,28805.94921875,29131.849609375,28623.650390625,28702.19921875,32700
2022-12-19,28567.69921875,28698.25,28374.44921875,28556.44921875,19000
2022-12-20,28464.849609375,28644.099609375,28109.150390625,28612.5,19300
2022-12-21,28742.30078125,28958.150390625,28658.69921875,28764.25,19500
2022-12-22,28973.349609375,29022.30078125,28629.849609375,28763.900390625,18200
2022-12-23,28442.80078125,28603.599609375,28179.55078125,28237.05078125,19000
2022-12-27,28551.75,28685.0,28333.80078125,28636.25,12800
2022-12-28,28495.75,28715.30078125,28346.25,28583.44921875,13400
2022-12-29,28408.30078125,28724.75,28386.650390625,28687.19921875,16200
2022-12-30,28887.80078125,29027.0,28564.75,28621.69921875,15500
2023-01-02,28681.55078125,28777.599609375,28474.69921875,28737.30078125,1084494200
2023-01-03,28713.69921875,29032.400390625,28636.400390625,28962.30078125,14200
2023-01-04,28912.599609375,28925.44921875,28600.75,28677.80078125,17300
2023-01-05,28803.05078125,28803.05078125,28386.0,28527.75,21300
2023-01-06,28466.900390625,28507.150390625,27908.75,27956.44921875,18900
2023-01-09,28134.05078125,28780.0,28134.05078125,28748.150390625,26300
2023-01-10,28627.80078125,28661.69921875,28242.900390625,28502.69921875,19600
2023-01-11,28550.650390625,28946.0,28460.0,28596.349609375,19400
2023-01-12,28722.44921875,28832.599609375,28509.5,28720.30078125,21500
2023-01-13,28717.0,29060.94921875,28292.30078125,28933.75,34600
2023-01-16,29037.05078125,29327.900390625,28895.400390625,29264.650390625,30100
2023-01-17,29291.150390625,29518.849609375,29259.099609375,29498.0,22500
2023-01-18,29580.25,29715.80078125,29541.94921875,29617.80078125,25500
2023-01-19,29487.5,29714.94921875,29396.05078125,29632.349609375,19700
2023-01-20,29574.44921875,29783.80078125,29479.69921875,29529.650390625,24000
2023-01-23,29620.25,30124.05078125,29505.5,30086.0,18300
2023-01-24,30220.5,30499.75,30151.55078125,30316.900390625,23100
2023-01-25,30208.099609375,30231.400390625,30004.75,30043.900390625,14000
2023-01-27,30052.69921875,30234.349609375,29542.44921875,29766.44921875,19800
2023-01-30,29842.69921875,30224.5,29606.349609375,30094.849609375,21200
2023-01-31,30163.19921875,30172.75,29556.30078125,29740.349609375,29500
2023-02-01,29885.94921875,30083.400390625,29659.0,30018.25,17600
2023-02-02,30124.900390625,30610.099609375,30107.099609375,30566.75,23900
2023-02-03,30839.05078125,30849.599609375,30417.900390625,30597.650390625,20000
2023-02-06,30502.900390625,30534.69921875,30186.69921875,30411.099609375,14200
2023-02-07,30429.75,30544.099609375,30250.75,30310.69921875,13700
2023-02-08,30415.599609375,30938.400390625,30415.599609375,30774.05078125,21900
2023-02-09,30769.80078125,31012.94921875,30665.44921875,30990.849609375,15900
2023-02-10,30839.25,30900.150390625,30636.400390625,30870.19921875,13800
2023-02-13,30790.19921875,30792.849609375,30238.05078125,30289.650390625,20400
2023-02-14,30481.5,30759.44921875,30457.400390625,30588.75,16900
2023-02-15,30512.0,30959.30078125,30324.19921875,30934.349609375,17300
2023-02-16,31042.30078125,31587.349609375,31024.150390625,31434.849609375,32200
2023-02-17,31147.099609375,31218.25,30963.05078125,31054.849609375,15800
2023-02-20,31056.05078125,31405.30078125,30961.94921875,31222.349609375,15900
2023-02-21,31318.349609375,31393.0,30911.05078125,30947.25,13400
2023-02-22,30621.099609375,30815.900390625,30503.349609375,30608.19921875,14900
2023-02-23,30759.599609375,30899.400390625,30497.55078125,30598.400390625,15700
2023-02-24,30732.44921875,30859.69921875,30445.900390625,30514.900390625,11300
2023-02-27,30338.69921875,30345.5,29667.099609375,29919.19921875,15700
2023-02-28,29986.19921875,30294.44921875,29608.94921875,29663.94921875,46200
2023-03-01,29722.150390625,30121.650390625,29712.80078125,30097.75,0
